N,P,K,temperature,humidity,ph,rainfall,label
90,42,43,20.87974371,82.00274423,6.502985292,202.9355362,jaya rice
85,58,41,21.77046169,80.31964408,7.038096361,226.6555374,jaya rice
60,55,44,23.00445915,82.3207629,7.840207144,263.9642476,jaya rice
74,35,40,26.49109635,80.15836264,6.980400905,242.8640342,jaya rice
78,42,42,20.13017482,81.60487287,7.628472891,262.7173405,jaya rice
69,37,42,23.05804872,83.37011772,7.073453503,251.0549998,jaya rice
69,55,38,22.70883798,82.63941394,5.70080568,271.3248604,jaya rice
94,53,40,20.27774362,82.89408619,5.718627178,241.9741949,jaya rice
89,54,38,24.51588066,83.5352163,6.685346424,230.4462359,jaya rice
68,58,38,23.22397386,83.03322691,6.336253525,221.2091958,jaya rice
91,53,40,26.52723513,81.41753846,5.386167788,264.6148697,jaya rice
90,46,42,23.97898217,81.45061596,7.50283396,250.0832336,jaya rice
78,58,44,26.80079604,80.88684822,5.108681786,284.4364567,jaya rice
93,56,36,24.01497622,82.05687182,6.98435366,185.2773389,jaya rice
94,50,37,25.66585205,80.66385045,6.94801983,209.5869708,jaya rice
60,48,39,24.28209415,80.30025587,7.042299069,231.0863347,jaya rice
85,38,41,21.58711777,82.7883708,6.249050656,276.6552459,jaya rice
91,35,39,23.79391957,80.41817957,6.970859754,206.2611855,jaya rice
77,38,36,21.8652524,80.1923008,5.953933276,224.5550169,jaya rice
88,35,40,23.57943626,83.58760316,5.85393208,291.2986618,jaya rice
89,45,36,21.32504158,80.47476396,6.442475375,185.4974732,jaya rice
76,40,43,25.15745531,83.11713476,5.070175667,231.3843163,jaya rice
67,59,41,21.94766735,80.97384195,6.012632591,213.3560921,jaya rice
83,41,43,21.0525355,82.67839517,6.254028451,233.1075816,jaya rice
98,47,37,23.48381344,81.33265073,7.375482851,224.0581164,jaya rice
66,53,41,25.0756354,80.52389148,7.778915154,257.0038865,jaya rice
97,59,43,26.35927159,84.04403589,6.286500176,271.3586137,jaya rice
97,50,41,24.52922681,80.54498576,7.070959995,260.2634026,jaya rice
60,49,44,20.77576147,84.49774397,6.244841491,240.0810647,jaya rice
84,51,35,22.30157427,80.64416466,6.043304899,197.9791215,jaya rice
73,57,41,21.44653958,84.94375962,5.824709117,272.2017204,jaya rice
92,35,40,22.17931888,80.33127223,6.357389366,200.0882787,jaya rice
85,37,39,24.52783742,82.73685569,6.364134968,224.6757231,jaya rice
98,53,38,20.26707606,81.63895217,5.01450727,270.4417274,jaya rice
88,54,44,25.7354293,83.88266234,6.149410611,233.1321372,jaya rice
95,55,42,26.79533926,82.1480873,5.950660556,193.3473987,jaya rice
99,57,35,26.75754171,81.17734011,5.960370061,272.2999056,jaya rice
95,39,36,23.86330467,83.15250801,5.561398642,285.2493645,jaya rice
60,43,44,21.01944696,82.95221726,7.416245107,298.4018471,jaya rice
63,44,41,24.17298839,83.7287574,5.583370042,257.0343554,jaya rice
62,42,36,22.78133816,82.06719137,6.430010215,248.7183228,jaya rice
64,45,43,25.62980105,83.52842314,5.534878156,209.9001977,jaya rice
83,60,36,25.59704938,80.14509262,6.903985986,200.834898,jaya rice
82,40,40,23.83067496,84.81360127,6.271478838,298.5601175,jaya rice
85,52,45,26.31355498,82.36698992,7.224285503,265.5355937,jaya rice
91,35,38,24.8972823,80.52586088,6.13428721,183.6793207,jaya rice
76,49,42,24.958779,84.47963372,5.206373153,196.9560008,jaya rice
74,39,38,23.24113501,84.59201843,7.782051313,233.0453455,jaya rice
79,43,39,21.66628296,80.70960551,7.062779015,210.8142087,jaya rice
88,55,45,24.63544858,80.41363018,7.730367824,253.7202781,jaya rice
60,36,43,23.43121862,83.06310136,5.286203711,219.9048349,jaya rice
76,60,39,20.0454142,80.3477562,6.766240045,208.5810155,jaya rice
93,56,42,23.85724032,82.22572988,7.382762603,195.0948311,jaya rice
65,60,43,21.97199397,81.89918197,5.658169482,227.3637009,jaya rice
95,52,36,26.22916897,83.83625819,5.543360238,286.5083725,jaya rice
75,38,39,23.44676801,84.79352417,6.215109715,283.9338466,jaya rice
74,54,38,25.65553461,83.47021081,7.120272972,217.3788583,jaya rice
91,36,45,24.44345477,82.45432595,5.950647577,267.9761948,jaya rice
71,46,40,20.2801937,82.1235421,7.236705436,191.9535738,jaya rice
99,55,35,21.7238313,80.2389895,6.501697816,277.9626192,jaya rice
72,40,38,20.41447029,82.20802629,7.592490617,245.1511304,jaya rice
83,58,45,25.75528612,83.51827127,5.875345751,245.6626799,jaya rice
93,58,38,20.61521424,83.77345559,6.932400225,279.5451717,jaya rice
70,36,42,21.84106875,80.72886384,6.946209881,202.3838319,jaya rice
76,47,42,20.08369642,83.29114712,5.739175027,263.6372176,jaya rice
99,41,36,24.45802087,82.74835604,6.738652179,182.5616319,jaya rice
99,54,37,21.14347496,80.33502926,5.594819626,198.6730942,jaya rice
86,59,35,25.78720567,82.11124033,6.946636369,243.5120414,jaya rice
69,46,41,23.64124821,80.28597873,5.012139669,263.1103304,jaya rice
91,56,37,23.43191632,80.56887849,6.363472208,269.5039162,jaya rice
61,52,41,24.97669518,83.891805,6.880431223,204.8001847,jaya rice
67,45,38,22.72791041,82.1706881,7.300410836,260.8875056,jaya rice
79,42,37,24.87300744,82.84022551,6.587918708,295.6094492,jaya rice
78,43,42,21.32376327,83.00320459,7.283736617,192.3197536,jaya rice
75,54,36,26.29465461,84.56919326,7.023936392,257.4914906,jaya rice
97,36,45,22.2286982,81.85872947,6.939083505,278.0791793,jaya rice
67,47,44,26.73072391,81.78596776,7.868474653,280.4044392,jaya rice
73,35,38,24.88921174,81.97927117,5.005306977,185.9461429,jaya rice
77,36,37,26.88444878,81.46033732,6.136131869,194.5766559,jaya rice
81,41,38,22.67846116,83.72874389,7.524080076,200.9133156,jaya rice
68,57,43,26.08867875,80.37979919,5.706943251,182.9043504,jaya rice
72,45,35,25.42977518,82.94682591,5.758506323,195.3574542,jaya rice
61,53,43,26.40323239,81.05635517,6.349606327,223.3671883,jaya rice
67,43,39,26.04371967,84.96907151,5.999969026,186.7536773,jaya rice
67,58,39,25.2827223,80.54372813,5.453592032,220.1156708,jaya rice
66,60,38,22.08576562,83.47038318,6.372576327,231.7364957,jaya rice
82,43,38,23.28617173,81.43321641,5.105588355,242.3170629,jaya rice
84,50,44,25.48591986,81.40633547,5.935344406,182.6549356,jaya rice
81,53,42,23.67575393,81.03569343,5.17782304,233.7034975,jaya rice
91,50,40,20.82477109,84.1341879,6.462391607,230.2242223,jaya rice
93,53,38,26.92995077,81.91411159,7.069172227,290.6793783,jaya rice
90,44,38,23.83509503,83.88387074,7.473134377,241.2013513,jaya rice
81,45,35,26.52872817,80.12267476,6.158376967,218.9163567,jaya rice
78,40,38,26.46428311,83.85642678,7.549873681,248.2256491,jaya rice
60,51,36,22.69657794,82.81088865,6.028321558,256.9964761,jaya rice
88,46,42,22.68319059,83.46358271,6.604993475,194.2651719,jaya rice
93,47,37,21.53346343,82.14004101,6.500343222,295.9248796,jaya rice
60,55,45,21.40865769,83.3293191,5.935745417,287.5766935,jaya rice
78,35,44,26.54348085,84.67353597,7.072655622,183.6222657,jaya rice
65,37,40,23.35905428,83.59512273,5.333322606,188.413665,jaya rice
71,54,16,22.61359953,63.69070564,5.749914421,87.75953857,uma rice
61,44,17,26.10018422,71.57476937,6.931756558,102.2662445,uma rice
80,43,16,23.55882094,71.59351368,6.657964753,66.71995467,uma rice
73,58,21,19.97215954,57.68272924,6.596060648,60.65171481,uma rice
61,38,20,18.47891261,62.69503871,5.970458434,65.43835393,uma rice
68,41,16,21.77689322,57.80840636,6.158830619,102.0861694,uma rice
93,41,17,25.6217169,66.50415474,6.047906679,105.4654703,uma rice
89,60,19,25.19192419,66.6902901,5.913664501,78.06639649,uma rice
76,44,17,20.41683147,62.5542482,5.855442401,65.27798457,uma rice
67,60,25,24.92162194,66.78627406,5.750254943,109.2162279,uma rice
70,44,19,23.31689124,73.4541537,5.852607099,94.29712821,uma rice
90,49,21,24.84016732,68.3584573,6.472523287,74.05474936,uma rice
62,52,16,22.27526694,58.84015925,6.967057762,63.87020584,uma rice
92,44,16,18.87751445,65.76816093,6.082973754,94.76189431,uma rice
66,54,21,25.19008683,60.2001687,5.919045532,72.12375573,uma rice
63,58,22,18.25405352,55.28220433,6.204747653,63.72358154,uma rice
70,47,17,24.6129118,70.4162444,6.600827017,104.1626147,uma rice
61,41,17,25.1420613,65.26185135,6.021902237,76.68456006,uma rice
66,53,19,23.09348056,60.1159381,6.033550195,65.49730729,uma rice
74,55,19,18.05033737,62.89366992,6.28886807,84.23613484,uma rice
77,57,21,24.9321581,73.80435276,6.550563823,79.74078719,uma rice
99,50,15,18.14710054,71.09445342,5.573286437,88.07753741,uma rice
74,56,22,18.28362235,66.65952796,6.829199275,80.97573281,uma rice
83,45,21,18.83344471,58.75082029,5.716222912,79.7532896,uma rice
100,48,16,25.71895816,67.22190688,5.54990242,74.51490791,uma rice
79,51,16,25.33797709,68.49835977,6.586244581,96.46380213,uma rice
94,39,18,23.89114571,57.48775781,5.893093135,102.8301942,uma rice
75,49,15,21.53574127,71.50905983,5.918263801,102.4852929,uma rice
78,48,22,23.08974909,63.10459626,5.588650585,70.43473609,uma rice
87,54,20,25.61707368,63.4711755,6.576418207,108.8303762,uma rice
87,35,25,21.44526922,63.1621551,6.178056304,65.88951188,uma rice
63,43,19,18.51816776,55.53128131,6.641906353,90.988051,uma rice
84,57,25,22.53510514,67.99257471,6.489040367,64.40866039,uma rice
64,35,23,23.02038334,61.89472002,5.680361038,63.03843397,uma rice
60,46,22,24.89364635,65.61418761,6.625404348,87.9298085,uma rice
98,44,21,25.77175115,74.089114,6.524478032,107.4931917,uma rice
75,56,18,19.39851734,62.35750641,5.696205468,60.95197486,uma rice
86,55,21,21.54156232,59.64024162,6.803931519,109.7515385,uma rice
98,35,18,23.79746068,74.82913698,6.252797548,91.76337172,uma rice
76,57,18,18.9802729,74.52600826,6.092725883,94.26249353,uma rice
99,56,17,24.10859207,73.13112261,6.234330356,71.07562236,uma rice
60,44,23,24.7947077,70.04556743,5.722579819,76.72860067,uma rice
74,48,17,21.63162756,60.27766379,6.430616465,69.21803098,uma rice
89,60,17,25.37548751,57.21025565,5.983952675,101.7004306,uma rice
69,51,23,22.21738222,72.85462807,6.80163854,106.6213157,uma rice
96,46,22,20.58314011,69.00128641,6.499936446,66.29390357,uma rice
61,60,15,24.87502824,68.74248334,6.265564338,91.26056654,uma rice
74,58,18,20.03728219,56.35606753,6.727303282,109.024141,uma rice
74,43,23,25.95263264,61.89082199,6.325235159,99.57981207,uma rice
63,43,17,19.28889933,65.47050802,6.807487794,71.3195307,uma rice
99,36,20,20.57981887,65.34583901,6.671085817,78.34604471,uma rice
77,36,23,24.71417533,56.73426469,6.648725327,88.45361858,uma rice
87,60,23,20.27317074,63.91281869,6.439071996,62.50351892,uma rice
60,38,17,18.41932981,64.23580251,6.474476516,76.41312437,uma rice
94,54,17,23.39128187,61.74427165,5.871647806,107.3198135,uma rice
95,38,22,19.84939404,61.24500053,5.730617109,100.7689246,uma rice
84,44,21,21.869274,61.91044947,5.850439831,107.2681929,uma rice
77,58,19,22.8056033,56.50768935,5.791649933,101.5952794,uma rice
66,44,20,19.0781471,69.02298571,6.740000688,80.72515943,uma rice
63,35,16,22.02720976,65.35549924,6.272417541,83.73280082,uma rice
79,45,20,23.80546189,59.24537979,5.715208817,89.9622014,uma rice
72,60,25,18.52510753,69.0276233,5.773454729,88.10234397,uma rice
67,51,24,23.50297882,61.32026065,5.584171461,64.77791424,uma rice
86,36,24,26.54986394,72.89187265,5.787268394,73.33636055,uma rice
76,48,18,19.29563411,69.63481219,5.77597783,83.21030571,uma rice
75,53,18,20.68899915,59.4375337,6.864793607,103.651438,uma rice
81,45,23,19.32666088,68.034493,6.192360003,84.22969177,uma rice
73,45,21,24.60532218,73.58868502,6.636803223,96.59195302,uma rice
71,35,24,22.27373646,59.52193158,5.826426917,67.96704792,uma rice
96,54,22,25.70196694,61.33450447,6.960358276,83.20711308,uma rice
99,39,18,19.20129357,68.30578978,6.11275104,87.85092352,uma rice
62,48,20,21.70181447,60.47470519,6.708446922,95.71388473,uma rice
86,37,16,20.51716779,59.21235483,5.561510732,67.61013737,uma rice
94,50,19,23.30355338,73.62548442,5.873242491,97.59081274,uma rice
76,39,24,24.2547451,55.64709899,6.995843776,64.23845455,uma rice
77,52,17,24.86374934,65.7420046,5.714799723,75.82270467,uma rice
74,39,23,22.6265115,65.77472881,6.78073637,88.17251033,uma rice
81,49,20,18.04185513,60.61494304,5.513697923,104.2321615,uma rice
63,42,21,23.26237612,72.33125523,5.798423908,67.10225139,uma rice
99,38,21,22.88330922,71.59722446,6.352471866,67.72777298,uma rice
90,52,25,25.97482359,69.36385721,6.822586546,103.2234212,uma rice
68,40,19,26.14384005,66.20569924,6.655426355,107.2361366,uma rice
60,57,24,18.66116213,61.55327249,6.121294041,75.03247667,uma rice
71,52,18,25.10787449,55.97732754,5.790770203,78.16077693,uma rice
61,59,17,23.33844615,59.24580604,6.47444292,105.0083144,uma rice
88,38,15,25.08239719,65.92195844,6.455116637,62.49190812,uma rice
65,60,22,25.36768364,72.52054555,6.606984086,107.9124111,uma rice
78,37,22,25.34217103,63.31801994,6.330554389,74.52082026,uma rice
78,58,15,25.00933355,67.816568,6.528631266,62.91359494,uma rice
92,60,23,18.66746724,71.516474,5.721667141,69.93293255,uma rice
79,59,17,20.37999665,63.73849998,6.644205485,108.5054416,uma rice
91,55,15,18.09300227,72.61024172,6.376651091,78.96159541,uma rice
76,51,18,26.16985907,71.96246617,6.247040422,79.84925393,uma rice
87,48,25,18.65396672,61.37879671,6.656730008,93.62039175,uma rice
71,60,22,26.07470121,59.37147589,6.2048017,85.75692395,uma rice
90,57,24,18.92851916,72.80086137,6.158860284,82.34162918,uma rice
67,35,22,23.30546753,63.24648023,6.385684214,108.7603001,uma rice
60,54,19,18.74826712,62.49878458,6.417820493,70.23401597,uma rice
83,58,23,19.74213321,59.66263104,6.381201909,65.50861389,uma rice
83,57,19,25.73044432,70.74739256,6.877869005,98.73771338,uma rice
56,79,15,29.48439992,63.19915325,7.454532137,71.89090748,Anandaganga coconut
25,62,21,26.73433965,68.13999721,7.040056094,67.15096376,Anandaganga coconut
42,61,22,26.27274407,62.28814857,7.418650668,70.23207557,Anandaganga coconut
42,73,25,34.03679184,67.21113844,6.501869314,73.23573601,Anandaganga coconut
44,58,18,28.03644051,65.06601664,6.814410928,72.49507741,Anandaganga coconut
50,55,16,28.81460716,65.33538112,7.581442888,62.26242533,Anandaganga coconut
35,72,21,34.03619494,64.28791388,7.741418772,66.85510868,Anandaganga coconut
30,64,20,33.8642935,61.57072498,6.573531614,68.02199825,Anandaganga coconut
27,64,21,32.84213012,68.68401492,7.543804223,73.67166182,Anandaganga coconut
50,74,17,27.10053268,63.36085585,6.5408208,73.84949872,Anandaganga coconut
39,73,24,25.65842532,61.18235808,7.22405917,69.28607828,Anandaganga coconut
57,67,25,32.34744009,66.61452812,7.551364319,64.55882254,Anandaganga coconut
52,63,19,29.58949031,68.32176769,6.928898659,67.53021213,Anandaganga coconut
55,66,22,30.91219459,68.79427388,7.747775263,66.63830637,Anandaganga coconut
51,56,18,28.12787838,64.2097765,6.706505915,70.86340755,Anandaganga coconut
36,66,15,30.08545364,69.34811988,6.668238556,67.1367443,Anandaganga coconut
59,55,19,31.74379487,62.51007687,7.332375138,68.97097538,Anandaganga coconut
50,58,23,27.81326852,62.50460464,7.596802025,69.75555541,Anandaganga coconut
30,65,25,32.88733849,64.59457409,7.70650895,71.50569456,Anandaganga coconut
20,62,18,29.36358721,64.98742947,7.366542647,61.91208707,Anandaganga coconut
58,71,15,27.82592799,67.5861883,6.919243702,74.01229707,Anandaganga coconut
25,71,24,28.49538735,60.44848407,7.187721818,74.91559514,Anandaganga coconut
52,71,16,27.74274761,68.53997144,7.075886472,71.78615328,Anandaganga coconut
40,63,18,30.41588462,67.66323804,6.74441168,63.02473185,Anandaganga coconut
20,60,25,27.3254209,69.09047809,6.726469088,61.19250859,Anandaganga coconut
48,61,21,30.28496619,61.69295127,6.628264883,65.62859526,Anandaganga coconut
49,68,22,28.56840626,61.53278622,7.127064207,63.49726331,Anandaganga coconut
48,62,15,25.36586097,66.6379724,7.538631462,65.81655892,Anandaganga coconut
32,66,17,34.9466155,65.26774011,7.162357641,70.1415139,Anandaganga coconut
21,63,22,25.09737391,67.72837887,6.859409487,74.61649888,Anandaganga coconut
20,72,19,32.47648301,64.34848735,7.397190844,65.820457,Anandaganga coconut
25,65,21,33.86351172,68.59232289,6.880245789,69.24464096,Anandaganga coconut
41,78,21,25.19857725,60.37332688,6.581313137,70.88787207,Anandaganga coconut
53,67,17,31.77681682,69.01852894,7.296972161,61.46892873,Anandaganga coconut
39,60,21,34.89814946,63.59948557,6.97297656,64.72797143,Anandaganga coconut
25,76,17,31.74105409,68.63525428,7.241148507,62.3061735,Anandaganga coconut
21,78,19,27.16159076,66.76017239,6.92009048,69.85112265,Anandaganga coconut
57,60,17,26.23773129,67.88521396,7.504608385,73.58663968,Anandaganga coconut
56,75,15,30.20157245,60.06534859,7.152272256,66.37171179,Anandaganga coconut
49,72,15,31.55846339,67.83563765,7.137004749,74.86960831,Anandaganga coconut
24,80,19,29.67892453,69.0854554,6.808041722,65.66436565,Anandaganga coconut
49,76,18,27.05365239,67.7017527,7.393631868,60.4693835,Anandaganga coconut
28,68,19,34.63880966,61.38597868,7.69950698,72.43169115,Anandaganga coconut
55,78,21,33.39438752,62.93692886,6.602888249,63.57445989,Anandaganga coconut
50,64,25,28.84079155,63.37230676,6.734447425,70.25496749,Anandaganga coconut
34,80,19,31.49338309,63.0563645,6.521217963,71.48327008,Anandaganga coconut
20,68,23,25.54960633,63.95425534,7.707332484,63.1830529,Anandaganga coconut
55,67,16,34.37329112,69.69366426,6.596719015,70.27184748,Anandaganga coconut
23,70,15,34.6008247,63.11296779,7.403623355,60.41790253,Anandaganga coconut
53,74,15,29.43463808,64.94329356,7.517097,72.17818157,Anandaganga coconut
26,67,16,29.10713092,67.90577375,7.17620823,67.83345933,Anandaganga coconut
33,80,22,28.57006111,65.71765781,6.593961761,70.0866434,Anandaganga coconut
37,79,19,27.54384835,69.3478631,7.143942758,69.40878198,Anandaganga coconut
33,75,21,33.04687968,68.93875631,6.690655045,62.30278274,Anandaganga coconut
22,55,20,33.95309131,69.96100028,7.423530351,61.16350463,Anandaganga coconut
20,68,17,30.11873003,60.11680815,6.578714843,71.72980375,Anandaganga coconut
43,68,20,29.57812712,66.17587668,7.497469256,69.43895491,Anandaganga coconut
44,76,22,27.26458947,68.01232937,7.775306272,68.91754359,Anandaganga coconut
34,60,16,31.35730791,64.24992106,7.322555223,63.85668948,Anandaganga coconut
21,72,17,31.52104732,66.55723677,7.580527339,61.71111448,Anandaganga coconut
25,68,19,29.39982732,64.25510719,7.108450121,67.47677295,Anandaganga coconut
41,62,15,29.38400259,64.14928485,7.358974541,65.24194361,Anandaganga coconut
28,65,23,28.38686534,61.88871127,7.405176138,74.24459122,Anandaganga coconut
35,64,15,28.47442276,63.53604453,6.500144962,69.5274407,Anandaganga coconut
52,58,16,30.64095781,61.14508627,7.167435834,71.36947525,Anandaganga coconut
58,75,25,25.25596239,61.36669662,7.261791753,68.64685069,Anandaganga coconut
34,66,19,32.97030511,60.18122078,7.586642101,73.44678678,Anandaganga coconut
52,70,16,33.66855394,66.60416867,7.534811833,67.32520551,Anandaganga coconut
23,57,19,32.83963757,67.99803573,7.251000789,73.40452716,Anandaganga coconut
42,58,25,27.45853567,62.90020977,6.513620918,69.46020927,Anandaganga coconut
37,62,17,25.68576704,69.84354028,7.121254928,74.62068748,Anandaganga coconut
44,75,22,30.0328403,64.14800537,7.574561547,71.21006868,Anandaganga coconut
21,80,20,28.20667264,68.27085245,7.350869792,64.32887142,Anandaganga coconut
56,76,16,28.27265858,61.18956161,7.513151076,63.29900785,Anandaganga coconut
29,76,15,28.5417236,64.2020154,7.025607706,69.68862306,Anandaganga coconut
43,61,20,26.87187036,61.61367264,6.804253866,63.51822045,Anandaganga coconut
55,60,15,32.79766751,68.77994074,7.163043872,64.11411069,Anandaganga coconut
44,63,15,26.42333018,64.51136845,7.338929556,63.46546487,Anandaganga coconut
29,67,21,29.79181107,63.38789228,6.621323612,63.02169909,Anandaganga coconut
47,63,16,27.44003279,67.10464369,6.661870999,72.50669768,Anandaganga coconut
40,68,17,34.1262979,65.14877461,7.733149554,70.40795007,Anandaganga coconut
58,61,15,30.94908189,64.23364112,7.402891666,62.78730907,Anandaganga coconut
41,74,18,28.75751783,61.02701476,6.599147298,73.37686831,Anandaganga coconut
58,79,17,27.24766491,66.10123083,7.04174124,62.31842057,Anandaganga coconut
27,62,24,28.63005477,66.770943,7.353876754,62.2737345,Anandaganga coconut
27,60,17,26.41768321,63.64698302,7.026795359,64.42177127,Anandaganga coconut
52,65,20,32.81705216,66.15665137,6.814301033,68.83924882,Anandaganga coconut
44,55,25,29.6321052,65.91359954,7.42160832,71.16331975,Anandaganga coconut
21,62,24,33.49077065,62.73317204,6.847382891,65.45328463,Anandaganga coconut
60,59,22,31.86847286,66.74217464,7.191522601,74.22238583,Anandaganga coconut
33,77,21,30.32992227,65.62971858,7.01285529,71.64631281,Anandaganga coconut
59,58,17,28.546224,66.31394098,7.368318809,62.83469851,Anandaganga coconut
29,63,17,30.02629908,67.88811637,7.26154329,66.47264636,Anandaganga coconut
59,63,18,31.65531175,60.13263713,6.52669158,66.69096751,Anandaganga coconut
29,70,15,30.33499674,63.54718862,6.872594461,74.16699119,Anandaganga coconut
58,73,16,33.36984395,65.67718163,6.874142175,64.89517488,Anandaganga coconut
55,77,22,31.4345059,62.99303471,7.76061831,64.77651469,Anandaganga coconut
42,79,23,27.71678273,63.29103387,6.781841984,68.56507978,Anandaganga coconut
44,77,21,32.63918668,61.3009051,7.326980454,61.83876146,Anandaganga coconut
38,62,25,32.7477393,67.77954584,7.453975408,63.37784443,Anandaganga coconut
32,76,15,28.05153602,63.49802189,7.604110177,43.35795377,keraganga coconut
13,61,22,19.44084326,63.27771461,7.728832424,46.83130119,keraganga coconut
38,60,20,29.84823072,60.63872613,7.491217102,46.80452595,keraganga coconut
11,74,17,21.36383757,69.92375891,6.633864582,46.6352865,keraganga coconut
37,71,16,26.28663931,68.51966729,7.324863481,46.13833007,keraganga coconut
29,71,18,22.17499963,62.13873825,6.410441476,53.46622584,keraganga coconut
2,72,18,26.57597546,60.97876599,7.836719564,50.89110726,keraganga coconut
6,59,21,26.58972517,66.14007674,6.139215944,50.90994463,keraganga coconut
13,64,20,19.1345771,62.57526895,6.590571088,36.46946971,keraganga coconut
8,58,17,28.75273118,69.15640149,7.286049978,35.15426171,keraganga coconut
6,77,20,25.78746268,60.2816298,6.058306161,49.14337177,keraganga coconut
2,75,22,23.89271875,61.78779413,6.658605362,52.55730112,keraganga coconut
3,69,23,28.67408774,63.18832976,7.299360767,42.96018627,keraganga coconut
27,80,24,28.42062847,61.77336343,7.815210661,49.02366803,keraganga coconut
39,78,15,21.35499456,62.60136323,5.925391795,41.78219834,keraganga coconut
40,79,17,21.12695586,63.18738532,6.403683619,38.71834464,keraganga coconut
37,62,22,24.02037872,61.62313345,7.397546271,49.78102578,keraganga coconut
31,60,24,25.40474421,65.8567539,7.722335992,51.92057267,keraganga coconut
22,67,22,29.03017561,64.49166566,7.475926645,54.9393771,keraganga coconut
3,78,18,20.21368219,68.65257685,6.887130053,50.89732989,keraganga coconut
4,80,16,29.19585548,68.01965728,7.441976825,44.93261911,keraganga coconut
13,61,24,18.29783597,69.6897615,7.629910253,49.39111479,keraganga coconut
12,66,20,27.41434987,63.41785982,7.336117221,44.43177543,keraganga coconut
4,61,21,24.84063998,60.09116626,6.75020529,48.77790371,keraganga coconut
9,60,21,29.94413861,67.31323084,7.52178027,40.37113729,keraganga coconut
18,66,22,25.87990287,67.55109024,6.347379185,47.89645224,keraganga coconut
32,56,18,20.0467711,65.84395319,7.135251532,46.05333124,keraganga coconut
6,72,15,22.99451999,66.70897237,7.670178119,54.49044154,keraganga coconut
15,77,20,25.13163619,66.92642362,7.399749291,49.04015558,keraganga coconut
0,65,24,28.49584395,62.44616219,7.841496029,53.14531023,keraganga coconut
30,79,22,18.28766124,69.48515056,6.254216611,48.60449438,keraganga coconut
3,63,16,24.38041875,61.18458224,6.868881708,53.13946695,keraganga coconut
2,78,23,21.31852148,66.43934593,7.320514721,45.42616802,keraganga coconut
10,78,18,18.54141834,62.70637578,6.296976913,44.07819743,keraganga coconut
14,67,25,25.28710601,60.85993533,7.241151936,49.37369982,keraganga coconut
39,65,23,25.43459777,69.12613376,7.685959305,41.02682925,keraganga coconut
19,72,15,28.83600962,69.76112921,6.890760124,44.08562546,keraganga coconut
18,57,21,27.37659643,63.93927841,6.155915975,49.47371773,keraganga coconut
31,58,15,28.31886863,60.19461399,6.167855382,45.36521251,keraganga coconut
28,58,25,27.4818649,62.04814951,6.861640036,37.81123974,keraganga coconut
5,65,19,18.28072173,68.10365387,6.978361689,48.80253285,keraganga coconut
16,65,19,27.61204997,69.29786244,7.043160241,42.72374404,keraganga coconut
34,65,19,23.43974653,63.22011726,5.94239222,45.40277297,keraganga coconut
14,69,19,20.95628486,63.68128841,7.239455147,52.39881209,keraganga coconut
22,55,16,23.7937153,68.03209183,6.516317561,49.73922097,keraganga coconut
24,61,17,22.6371424,65.44544859,6.233269045,38.30411077,keraganga coconut
2,79,15,21.53577883,65.47227704,7.505283615,35.75107592,keraganga coconut
26,63,17,29.87854588,65.73085206,6.950300686,44.95654782,keraganga coconut
27,61,15,25.2653291,67.10004577,6.958054839,48.33941188,keraganga coconut
24,70,16,25.17885316,68.93307305,6.54803469,35.03484812,keraganga coconut
13,74,25,24.12192608,61.09533545,6.461618577,44.23629285,keraganga coconut
6,64,23,23.33565221,67.40460704,7.065264073,36.18678721,keraganga coconut
12,58,23,21.74600081,63.39503184,6.765091462,50.43306085,keraganga coconut
32,79,22,27.60195453,63.46170674,5.91645379,54.37814199,keraganga coconut
6,68,18,24.388717,62.50453062,6.711341147,47.26052494,keraganga coconut
10,79,20,24.98287462,66.895409,6.379881442,38.21370568,keraganga coconut
38,77,22,28.234829,69.3159965,6.313284268,35.36831423,keraganga coconut
17,74,17,26.03026959,69.55863145,7.393210848,37.11395801,keraganga coconut
26,68,24,28.04849594,64.07691942,7.504930973,37.15824966,keraganga coconut
23,75,17,24.87425505,64.00213929,7.198076286,48.28137482,keraganga coconut
32,78,22,23.97081395,62.35557553,7.007037515,53.40906048,keraganga coconut
19,79,19,20.06003985,67.76252583,6.677262562,42.89509057,keraganga coconut
22,60,18,19.59221047,61.28633405,6.74398035,41.7704893,keraganga coconut
28,69,16,29.77013109,66.29327012,6.547361618,35.69674138,keraganga coconut
1,67,21,27.52135365,60.53657684,6.551577598,48.06491307,keraganga coconut
12,67,23,25.62896213,63.14909763,6.585020303,45.49683991,keraganga coconut
36,67,20,20.39078312,60.47528931,6.924042372,53.31508572,keraganga coconut
28,70,21,25.39038396,60.4989659,7.437373666,39.18374505,keraganga coconut
12,71,19,24.91079638,60.71367427,7.142611056,42.19740397,keraganga coconut
22,68,16,27.70496805,63.20915034,7.74672376,37.46160727,keraganga coconut
26,66,22,18.06486101,65.1034354,6.300479414,51.54922825,keraganga coconut
16,65,16,18.13027797,62.45851612,6.078724107,50.6128521,keraganga coconut
14,59,22,23.82723528,67.89815262,6.76660668,46.90725077,keraganga coconut
33,59,19,23.19305333,62.74710773,7.641024177,49.55213308,keraganga coconut
21,63,17,25.08966129,68.17543102,6.559681838,41.45486619,keraganga coconut
0,69,21,25.86928193,61.88321072,7.072923306,36.68284038,keraganga coconut
10,75,17,18.43966037,68.05394959,7.732194788,39.00992137,keraganga coconut
30,61,18,27.14911056,67.02664337,6.157782589,52.50812701,keraganga coconut
0,74,17,23.33375853,64.50515776,7.240988401,47.01510708,keraganga coconut
35,74,22,26.7230014,62.96841833,6.898905799,42.87274897,keraganga coconut
7,63,24,19.55750776,64.45268309,6.818681086,53.04669416,keraganga coconut
9,56,17,26.13708256,66.7729209,6.261937875,46.48280681,keraganga coconut
14,74,15,27.99990346,65.57653373,6.493036868,49.94043064,keraganga coconut
14,76,20,29.05941162,62.10652364,7.042474679,36.5011366,keraganga coconut
36,65,16,25.71269843,64.1123333,7.692013657,50.17067771,keraganga coconut
28,67,21,21.79792649,63.73086065,6.250994223,46.62370222,keraganga coconut
28,79,16,24.70626432,60.26854183,6.052184881,53.12442925,keraganga coconut
40,61,22,20.94981756,65.8108757,7.002216044,44.23913012,keraganga coconut
10,70,19,24.84918386,68.98088448,7.272427638,41.61080544,keraganga coconut
12,80,19,21.91041045,65.21662467,5.962001484,36.10211371,keraganga coconut
37,77,20,25.93381964,68.70533022,7.080506001,51.02372773,keraganga coconut
0,67,22,29.82112112,69.4073209,6.593798387,51.56461082,keraganga coconut
7,73,25,27.52185591,63.13215259,7.28805662,45.20841071,keraganga coconut
10,56,18,27.99627907,68.6428593,7.32710972,46.10585191,keraganga coconut
39,70,15,20.76774783,63.90164154,6.366355781,47.9271552,keraganga coconut
26,56,22,23.05276444,60.424786,7.011121216,52.60285259,keraganga coconut
9,77,17,21.65845777,63.58337146,6.280725549,38.07659414,keraganga coconut
4,59,19,26.25070298,67.62779652,7.621494566,40.8106299,keraganga coconut
34,73,15,20.97195263,63.83179889,7.630424083,53.10207889,keraganga coconut
33,77,15,23.89736406,66.32102048,7.802212437,40.74536757,keraganga coconut
2,24,38,24.55981624,91.63536236,5.922935513,111.9684622,kerasree coconut
6,18,37,19.65690085,89.93701023,5.937649578,108.0458926,kerasree coconut
8,26,36,18.78359608,87.4024767,6.804781106,102.5184759,kerasree coconut
37,18,39,24.1469628,94.5110662,6.424670614,110.2316633,kerasree coconut
0,27,38,22.44581266,89.90147027,6.738016221,109.3905998,kerasree coconut
31,25,38,24.96273236,92.40501423,6.497366677,109.4169192,kerasree coconut
21,21,38,22.5526059,89.3259486,6.327673765,104.8955643,kerasree coconut
6,30,40,22.77035608,91.45498527,6.36137446,106.9659201,kerasree coconut
25,27,41,19.20090378,94.27659596,6.923509371,108.0423555,kerasree coconut
15,11,38,23.12808226,92.68328358,6.630646083,109.3930157,kerasree coconut
14,5,36,24.92639065,85.19098079,5.832525853,104.7693804,kerasree coconut
16,10,41,24.77464458,85.63608688,6.738993954,105.7595811,kerasree coconut
36,7,37,19.8671184,86.35590206,5.782435567,108.3168858,kerasree coconut
4,20,41,24.26601316,93.7974061,6.537042717,104.5375109,kerasree coconut
29,22,40,23.62600218,89.73266695,6.145104401,107.6836871,kerasree coconut
16,15,42,19.67832052,89.08935702,6.890784045,108.5468633,kerasree coconut
18,27,41,22.36509395,92.30882391,7.175344328,104.8216333,kerasree coconut
11,18,42,21.57936934,94.88267728,5.938528744,102.8593382,kerasree coconut
5,15,38,18.26233221,88.16779129,5.709380472,108.0756727,kerasree coconut
18,23,44,23.71028128,89.61794165,6.184400085,105.6499907,kerasree coconut
9,8,40,22.48720144,89.9224883,6.553509673,111.6631582,kerasree coconut
40,27,45,21.6602498,94.79397419,5.885638185,112.4349689,kerasree coconut
22,23,44,20.13037175,89.31505137,6.143874691,107.3416913,kerasree coconut
9,16,39,18.41164435,91.11927248,6.101198974,105.1834976,kerasree coconut
12,29,40,19.68291173,89.75272999,6.594037135,111.2818551,kerasree coconut
0,17,42,23.20242586,91.19442671,6.859840821,109.0946323,kerasree coconut
2,21,44,18.92157197,87.31290342,6.56893406,102.8013275,kerasree coconut
28,6,40,22.10621387,91.34039616,6.769855664,106.8704803,kerasree coconut
8,23,44,18.47412402,89.68919664,7.130837931,108.4758509,kerasree coconut
29,16,36,19.81069447,88.92944254,5.740338002,102.860084,kerasree coconut
17,18,43,24.4880844,90.83687246,5.843005428,103.1969341,kerasree coconut
34,21,42,18.75927679,89.93457597,6.648687274,111.0196744,kerasree coconut
21,23,42,19.54128063,90.29751796,6.902751061,104.3739878,kerasree coconut
25,17,40,18.91251245,87.74938524,6.608023872,111.2800516,kerasree coconut
8,25,36,19.91330523,94.95031368,6.828522375,104.0277061,kerasree coconut
26,18,42,19.72620525,89.64934166,6.910374919,108.2287276,kerasree coconut
4,19,42,23.83185873,87.84034604,6.306605528,111.2232716,kerasree coconut
36,24,41,24.94467632,94.25702672,7.009180374,103.8799347,kerasree coconut
5,24,40,24.692258,93.87030088,6.297907579,104.6735454,kerasree coconut
19,17,39,24.72485577,85.56083187,6.728599215,111.2787584,kerasree coconut
39,30,38,20.12644921,87.59629625,6.965156738,108.065579,kerasree coconut
5,29,44,21.02432943,93.0569505,5.578095745,104.7847006,kerasree coconut
4,24,43,22.40423537,88.1508343,7.199504273,109.8695196,kerasree coconut
38,21,35,20.33691147,89.38003827,5.841367187,110.9653137,kerasree coconut
37,11,36,24.24779615,85.56033312,6.710143266,106.9216033,kerasree coconut
9,25,41,24.81530144,91.90842992,5.972714857,109.2853418,kerasree coconut
29,22,43,19.66329768,87.95158129,5.561851831,106.0380805,kerasree coconut
5,21,38,22.43377991,90.3396556,6.107054808,112.459697,kerasree coconut
22,26,38,22.92052307,85.12912161,6.988035315,110.2437841,kerasree coconut
4,18,37,22.91843172,85.40695044,7.13147457,106.2817706,kerasree coconut
21,6,41,24.88244467,89.39686219,7.086947687,107.1951707,kerasree coconut
29,21,45,23.40981539,93.13277,6.749260456,105.2240743,kerasree coconut
23,5,44,21.20725375,94.26304717,7.16300467,107.5660804,kerasree coconut
13,7,43,18.20230419,91.12282162,7.013481515,109.6623974,kerasree coconut
5,13,37,22.34375696,89.7870345,5.648243649,103.3183074,kerasree coconut
27,24,41,24.32770134,90.88292835,6.610251186,110.4606459,kerasree coconut
7,23,35,19.75088482,88.71691157,7.054313823,102.5538035,kerasree coconut
12,20,39,19.86173586,86.19740917,6.026999326,111.0217929,kerasree coconut
4,19,43,18.07132963,93.14554876,5.779427402,106.3602023,kerasree coconut
3,9,45,23.89162561,89.61850203,6.535244251,104.617522,kerasree coconut
1,27,36,23.98598756,93.34236582,5.684995235,104.991282,kerasree coconut
23,30,44,20.93892916,85.42912869,6.12476108,103.0295938,kerasree coconut
24,21,42,20.82210727,87.22815682,6.999014379,109.4429934,kerasree coconut
13,30,37,20.86474944,91.61793636,6.277148771,106.8685636,kerasree coconut
40,11,44,24.45840036,86.10874614,6.322396027,111.3779693,kerasree coconut
21,9,40,24.51147697,90.64498715,5.956401828,105.6209954,kerasree coconut
3,27,44,24.56811204,92.03009222,6.591302797,110.9633894,kerasree coconut
40,29,42,24.63228709,89.01574455,7.104094929,110.6956184,kerasree coconut
14,25,40,20.07386547,90.97819712,6.407872061,103.7084055,kerasree coconut
38,14,37,21.80523051,94.63612858,6.658402594,102.6488846,kerasree coconut
34,9,36,22.8122645,86.34233767,6.276038961,110.4432293,kerasree coconut
32,14,37,22.73031253,88.48567856,6.825256236,104.6843243,kerasree coconut
18,21,35,23.2801227,94.94330457,6.368560522,111.1382096,kerasree coconut
8,23,38,19.30106297,87.1775172,7.005410734,105.4766591,kerasree coconut
15,6,41,19.0087067,88.83768149,6.897368477,108.6793978,kerasree coconut
0,5,36,24.35193812,90.88612388,6.152906502,105.529185,kerasree coconut
22,9,44,24.72235539,88.87651295,5.744361602,112.1926517,kerasree coconut
14,8,43,21.92513945,94.46485312,7.051654924,111.7162016,kerasree coconut
31,11,45,24.83954414,86.88738076,6.034612928,107.6435771,kerasree coconut
39,17,45,18.09691127,90.42177379,6.924490731,104.88189,kerasree coconut
10,5,42,20.24104904,91.08706822,6.887005997,109.2537734,kerasree coconut
8,28,38,23.22594,94.42971362,6.8444019,105.6917856,kerasree coconut
32,13,42,23.50128217,92.97527546,5.786058032,106.61905,kerasree coconut
18,9,40,19.44623085,89.02127045,5.627186257,106.1606833,kerasree coconut
20,27,41,20.51343484,92.51675903,5.700088663,110.5764023,kerasree coconut
39,25,36,18.90223032,94.99897537,5.567805185,107.6103211,kerasree coconut
20,7,45,18.90592319,89.24126808,6.077886012,112.4750941,kerasree coconut
11,10,45,22.63045168,88.45577158,6.397995609,109.0357597,kerasree coconut
40,18,43,19.38603815,86.79058496,5.767372539,109.9130984,kerasree coconut
3,26,39,24.38318965,91.19431555,7.079973241,103.6012114,kerasree coconut
9,16,36,23.77989026,92.93386903,5.893332378,106.977723,kerasree coconut
30,20,38,22.59890174,93.16343942,7.058222596,110.0932899,kerasree coconut
40,9,41,24.37766782,85.4017118,5.78270695,106.128338,kerasree coconut
40,30,35,20.89273273,91.07776977,6.269663963,104.4407083,kerasree coconut
32,25,35,18.09903225,85.70786282,5.892913826,107.0050976,kerasree coconut
33,23,45,20.00218987,85.83618191,7.116538883,112.337046,kerasree coconut
4,14,41,19.85139326,89.80732335,6.430163481,102.8186358,kerasree coconut
13,17,45,21.25433607,92.65058936,7.159520979,106.2784673,kerasree coconut
39,24,39,23.65374106,93.32657504,6.431265737,109.8076178,kerasree coconut
8,28,37,23.88404783,86.20613842,6.082571701,108.3121789,kerasree coconut
91,94,46,29.36792366,76.24900101,6.149934034,92.82840911,banana
105,95,50,27.33368994,83.67675197,5.849076099,101.0494791,banana
108,92,53,27.40053601,82.96221306,6.276800323,104.9378,banana
86,76,54,29.3159075,80.11585705,5.926824754,90.10978128,banana
80,77,49,26.05433004,79.39654531,5.519088423,113.2297373,banana
93,94,53,25.86632408,84.42379269,6.079178788,114.5357503,banana
90,92,55,27.00932084,80.18546798,6.13465588,97.32531705,banana
108,89,53,29.55054817,78.06762846,5.808497604,99.34482238,banana
108,88,55,26.28845991,83.390039,5.891458107,113.8729798,banana
105,77,52,29.16226551,76.16151562,5.816622479,100.0075679,banana
118,88,52,28.65003945,82.68752542,5.843163161,98.75084366,banana
101,87,54,29.07311132,76.50045221,6.376756633,100.1692639,banana
95,75,50,28.08166093,75.26429821,5.623615687,118.2761894,banana
106,85,53,27.1994597,78.8086068,5.91505509,99.72430835,banana
86,95,49,28.05484146,78.04602887,6.458714879,108.3957179,banana
83,79,55,25.14748006,83.34688193,5.565028635,98.66679427,banana
85,95,47,25.94019018,78.3422098,6.211833161,119.84797,banana
109,79,45,27.66752761,79.68542782,6.490074429,108.66464,banana
100,76,45,25.56703012,75.94067692,5.590236025,102.7867717,banana
117,86,48,28.6956201,82.54195839,6.225225239,116.1616839,banana
114,94,53,26.33544853,76.8532006,6.190757459,118.6858263,banana
110,78,50,25.93730186,78.89864446,5.915568968,98.21747528,banana
94,70,48,25.13686519,84.88394407,6.195152442,91.46442491,banana
80,71,47,27.50527651,80.79783998,6.156373499,105.0776992,banana
114,79,51,26.21009246,82.34429458,6.313197204,112.0700033,banana
88,78,45,29.10403455,79.19588629,6.324270089,92.07835761,banana
112,73,48,29.2440638,77.32017166,5.707488987,90.66727868,banana
117,76,47,25.56202173,77.38229006,6.119216009,93.10247183,banana
111,87,48,26.3985515,81.36028902,5.571401169,98.16752001,banana
89,83,47,28.09577643,77.79586769,5.63127166,109.5408614,banana
93,91,47,27.84767901,83.31110751,6.101241579,117.2878912,banana
92,81,52,27.39341554,81.4654833,6.438137279,94.31102057,banana
105,74,45,25.14517635,81.38204104,6.098369122,119.218154,banana
102,71,48,28.65456263,79.28693687,5.695267822,102.4633775,banana
94,91,51,29.16093424,76.67484233,5.618094446,109.575944,banana
116,71,47,27.57278064,82.0638878,6.435785799,91.34276507,banana
117,79,49,25.40909896,82.36208097,6.176644228,112.9794804,banana
119,72,55,25.99069521,83.33983116,6.220643671,112.0777152,banana
99,73,53,26.29039046,81.06003778,5.871702211,118.6730366,banana
91,84,52,29.14827211,78.71024836,6.390741836,117.536781,banana
80,90,47,26.59743595,79.35898915,6.21084479,107.3944717,banana
101,70,48,25.36059237,75.03193255,6.012696655,116.5531455,banana
108,89,53,29.12036889,80.18080728,5.908770059,112.3982055,banana
100,80,52,27.53911354,77.25629897,6.049801781,110.3262123,banana
109,91,53,29.66727337,83.51014178,6.010095853,110.2511102,banana
82,78,46,25.05802193,84.97323747,5.738678895,110.4408803,banana
106,70,55,25.86824781,78.52399914,5.74055541,116.3019555,banana
90,86,52,25.85036988,81.95580471,5.793260262,119.0856171,banana
83,95,50,26.51682337,77.79913575,5.50947065,108.8547508,banana
119,90,48,28.66725136,79.59242542,5.986442306,118.2583441,banana
107,72,45,28.14938935,81.54448882,5.790768046,91.40508414,banana
116,81,55,26.42313317,83.6995044,5.915546415,95.12322062,banana
101,75,50,26.59386409,81.40740301,6.242528278,109.9825551,banana
93,81,50,27.71822477,76.57853189,6.036079266,102.2099836,banana
95,75,45,28.98333432,82.95958244,5.829898502,109.022564,banana
107,71,55,29.42017919,83.96754496,6.088064451,117.229079,banana
83,94,47,27.39872329,81.10523402,6.469370954,112.1355384,banana
102,73,54,26.4020227,84.41007614,5.720726906,111.0162259,banana
86,79,45,27.81251452,82.69285419,5.80766417,99.20961514,banana
117,86,53,25.19640218,83.55829874,5.703381728,115.8586081,banana
111,79,53,28.31193338,75.77363772,6.165001278,119.695765,banana
95,74,50,25.90113128,80.47152737,6.002481605,110.10323,banana
91,75,55,27.48612983,76.11239849,6.212369363,109.2768851,banana
93,83,46,29.38254012,83.50423735,5.765308943,109.2486647,banana
92,85,51,29.22118628,81.08183635,5.740764682,108.8616474,banana
104,80,54,27.09062164,81.33506906,5.879119455,110.1331182,banana
103,72,51,26.12643374,81.81365007,6.099478745,104.4812858,banana
92,75,45,29.01207743,77.95192527,5.674403359,90.43495443,banana
93,85,49,27.96799119,79.28625709,5.694243847,119.4765557,banana
120,87,52,28.0764455,76.05522115,5.905494703,118.9923573,banana
108,72,46,25.16278237,84.97849241,6.110844721,90.94554618,banana
105,88,54,25.78749808,84.51194224,6.020445317,114.2005455,banana
98,79,50,25.34119774,84.47321314,6.435917308,91.06493353,banana
111,88,55,29.44795403,78.34971537,5.505393833,96.45042585,banana
97,74,45,26.47522633,78.51833782,5.677719902,113.1161095,banana
95,82,48,27.39489579,83.31172003,5.719014989,92.78133617,banana
89,91,55,25.08347445,80.261731,6.275572298,94.32961456,banana
89,85,55,26.6719835,76.48541655,6.275384607,91.73358569,banana
118,88,51,25.44926208,79.49221962,6.201911642,100.6619171,banana
101,92,45,28.22776705,80.6430384,5.758054257,98.00403016,banana
99,92,47,28.1279509,77.48247073,6.323933647,103.5045395,banana
82,77,46,28.9470467,82.1888998,5.901100841,95.83016448,banana
90,86,55,27.96236771,84.15403614,5.644486582,97.55986676,banana
95,88,52,28.00316034,78.90085998,6.235461772,94.68180316,banana
104,73,46,29.1400919,80.1190228,6.28236237,90.45142867,banana
102,73,52,27.9122104,83.36307683,6.356090905,90.24211529,banana
100,74,52,25.43480512,81.53977797,5.837258235,96.47800391,banana
94,89,48,28.55980972,84.51602322,5.653437902,111.0843029,banana
99,70,46,26.59580783,82.99556744,5.727469947,100.5123341,banana
112,87,48,27.19711623,77.3970629,6.200111068,99.46950465,banana
117,82,45,25.29391516,79.29122198,5.614471478,105.4220251,banana
96,86,51,29.90888522,76.98740841,6.257369799,91.99964712,banana
113,85,45,27.94972463,76.63713353,6.037430836,109.0921631,banana
105,93,46,25.01018457,78.76260938,5.760457558,108.3690513,banana
85,89,51,29.21144871,84.70189923,6.158164422,108.5501443,banana
108,94,47,27.35911627,84.54625006,6.387431383,90.81250457,banana
92,81,52,28.0106804,76.52808057,5.891413895,103.7040783,banana
110,71,54,28.67208915,82.20793613,5.725418961,94.37987496,banana
82,75,55,27.34585147,78.4873835,6.281069505,92.15524332,banana
117,81,53,29.50704598,78.20585613,5.507641778,98.12565829,banana
2,40,27,29.73770045,47.54885174,5.954626604,90.09586854,mango
39,24,31,33.55695561,53.72979826,4.757114897,98.67527561,mango
21,26,27,27.00315545,47.67525434,5.699586972,95.85118326,mango
25,22,25,33.56150184,45.53556603,5.977413803,95.70525913,mango
0,21,32,35.89855625,54.25964196,6.430139436,92.19721736,mango
20,19,35,34.17719782,50.62161586,6.113935087,98.00687989,mango
19,21,34,30.01592643,53.19212381,5.074272692,97.72843182,mango
18,17,31,31.74592134,45.16127859,5.667507706,93.75441586,mango
11,36,33,35.99009679,52.22780489,5.978634285,95.3713484,mango
30,28,30,31.86641378,52.19331595,5.064613314,98.46768642,mango
18,19,27,27.75518664,52.34605806,4.772385986,94.11213345,mango
23,23,27,34.72413192,51.4271781,5.161148592,97.31258083,mango
37,30,34,27.53907547,53.63549533,6.797779227,99.35408185,mango
11,27,30,27.69637763,48.5622488,6.39474303,89.85646496,mango
12,19,31,27.25373364,52.66319725,5.566704378,91.87312479,mango
3,28,33,30.33723921,48.88704844,5.755049971,94.42850522,mango
37,38,32,31.85744939,45.53106268,5.417340525,91.55845821,mango
26,37,30,35.39986338,49.45962621,6.166173834,97.41054011,mango
14,18,30,29.80747243,52.13797867,5.191265116,95.74606104,mango
40,16,35,34.16438906,54.16482251,4.954739564,98.33351125,mango
4,20,25,28.93270187,47.94053996,5.664587011,99.9834242,mango
36,25,33,27.98392787,53.33018851,5.548584852,99.61465679,mango
30,17,31,31.20478173,54.49960506,6.804437106,94.62954663,mango
28,37,28,32.13409675,50.52559148,6.097869767,98.63333684,mango
38,15,30,28.91862016,48.13974548,5.075504537,97.01331604,mango
12,37,30,31.09779147,47.41196659,4.546466109,90.28624348,mango
38,19,31,34.73823882,49.08864345,5.855119268,90.65022183,mango
8,33,29,29.98080499,49.48613279,6.442393461,91.82271568,mango
15,27,28,33.80398664,46.12866113,4.507523551,90.82549241,mango
34,16,25,30.07202564,50.96040505,6.10729559,92.09609766,mango
11,36,31,27.92063282,51.77965917,6.47544932,100.2585673,mango
33,29,34,31.40948821,49.21729127,6.832979509,92.99739415,mango
12,31,26,35.7877738,51.94190321,5.395275719,100.2160615,mango
12,34,28,33.36140093,45.02236377,6.13526938,98.81596545,mango
5,16,31,35.96054636,48.69677802,4.555688532,98.00644238,mango
1,30,29,28.33333307,51.39586505,6.434197756,91.67241761,mango
16,35,31,32.27652024,50.19368841,5.316875978,95.99487068,mango
35,18,26,31.99490489,50.84881347,5.279388967,97.38741498,mango
4,40,26,27.58258929,48.56916221,6.720041791,95.8445641,mango
9,29,34,29.38471637,45.88744691,5.72742254,100.8124659,mango
2,38,33,32.38697531,53.2328243,4.691396195,90.21633216,mango
26,32,32,30.91471455,49.92963856,6.810186079,90.14047759,mango
34,38,31,35.37775595,45.58110023,6.454045329,97.41586402,mango
5,32,33,32.32362177,52.5896771,5.842763773,93.36718816,mango
31,29,26,28.22373428,47.40519056,5.024124684,97.76832322,mango
34,34,35,27.27433181,47.16808054,6.422710539,95.257992,mango
36,19,32,27.10710832,50.70880979,4.94295037,92.37238878,mango
7,17,26,34.89226666,48.75613373,6.414526606,91.63074547,mango
38,15,27,33.7462686,48.50387598,6.777788126,92.26439205,mango
5,19,25,27.3511056,54.43945147,6.441328044,96.27792547,mango
37,36,26,32.89300162,52.61323969,4.650536197,94.49161372,mango
21,31,32,35.38598705,51.42664176,5.254532213,90.29643888,mango
37,36,27,27.5529736,47.90859131,5.910634533,90.40332704,mango
23,23,30,32.82141065,47.45553843,4.755273631,90.89173106,mango
36,26,26,30.17294105,51.0845903,6.814630246,95.23444287,mango
24,33,35,29.26382931,54.82257868,5.342866119,100.7586226,mango
26,18,30,32.06097197,51.08494181,6.336234624,96.59816497,mango
22,17,26,28.69818144,47.71875722,4.754435025,99.642454,mango
11,34,32,29.14305008,49.40983294,6.831706773,97.55155537,mango
29,35,28,28.3471611,53.53903102,6.967417766,90.40260445,mango
22,28,26,27.67256197,45.41692012,4.947683034,92.84991507,mango
23,24,32,28.1218093,46.16888595,5.630619901,93.30247448,mango
1,35,34,30.79375683,46.69536813,6.27339822,92.21318555,mango
2,24,34,28.89409382,54.80750249,6.472774648,94.76322976,mango
39,37,25,33.33024826,45.61143594,6.953246506,98.28583013,mango
15,36,27,27.78912455,53.96886679,5.643710216,91.01152997,mango
3,18,31,31.65333432,48.20662669,6.392313973,91.09745581,mango
8,38,32,29.75150773,46.73723302,4.981816523,91.405983,mango
33,31,34,31.32995611,50.22287593,5.421265283,89.78216168,mango
14,29,32,35.63627319,48.97047762,6.942520105,97.51952041,mango
18,20,26,31.66524687,51.98594645,5.435840509,89.98024312,mango
9,21,32,32.26935342,53.56092806,5.870116071,95.94035356,mango
20,30,27,27.81005614,51.59445462,4.74910393,95.89898581,mango
9,38,25,34.58561471,50.34035336,5.497946899,100.3060719,mango
26,24,34,31.27180992,52.23810152,6.811291098,89.74409017,mango
31,36,29,33.93679864,52.72170281,6.460542749,97.4611918,mango
14,18,35,31.09154239,47.02058367,4.791146778,91.46664318,mango
40,16,35,31.89356292,49.02450149,6.4841522,89.59371481,mango
28,27,34,32.45465292,50.69693751,6.526654345,95.04871605,mango
0,17,30,35.47478322,47.97230503,6.279133738,97.79072474,mango
1,29,29,27.32961444,49.30347234,6.052026047,93.53197359,mango
2,36,31,30.90225239,49.95955487,5.73171945,91.77522598,mango
12,27,26,29.09382275,45.5661059,5.32307197,96.23520043,mango
7,28,35,30.02086169,46.78393776,4.66910839,96.63721027,mango
0,36,26,34.13072188,51.25786185,5.101206389,96.38808001,mango
26,35,31,33.44619894,53.05980465,5.339556562,98.05089394,mango
27,21,30,35.3915464,52.48823147,5.061081874,91.22881052,mango
22,38,31,31.53356352,53.06009323,5.821106036,98.57025046,mango
22,18,31,30.7645515,47.93791463,5.956027059,90.38503469,mango
28,23,28,30.01821337,50.0983181,5.676032581,96.08745082,mango
7,31,27,31.32863689,47.59319575,6.524114355,94.67344737,mango
29,34,26,33.88004781,54.39416048,6.273953676,89.29147581,mango
8,37,33,28.07802689,54.9640534,6.128167757,97.45373619,mango
39,16,27,35.53845018,52.94641947,4.934964765,91.54560427,mango
40,24,25,28.70595247,50.44030129,5.445008416,95.8946444,mango
19,38,26,31.48451729,48.77926304,4.525722333,93.17221967,mango
21,21,30,27.69819273,51.41593238,5.403908328,100.7720705,mango
22,18,33,30.41235793,52.48100602,6.621623545,93.92375879,mango
31,20,30,32.17752026,54.01352682,6.207495815,91.88766069,mango
18,26,31,32.6112614,47.74916499,5.418475257,91.10190759,mango
119,25,51,26.47330219,80.92254421,6.283818329,53.65742581,sabari rice
119,19,55,25.18780042,83.44621709,6.818261383,46.87420883,sabari rice
105,30,50,25.29954705,81.77527562,6.37620108,57.04147057,sabari rice
114,8,50,24.74631269,88.30866319,6.581587932,57.95826144,sabari rice
93,22,52,26.58740671,81.32563243,6.932739726,41.87540028,sabari rice
80,26,55,24.53442564,88.989272,6.140099215,49.11618732,sabari rice
85,27,45,26.0713757,88.7285657,6.467095849,57.79652846,sabari rice
85,22,53,25.96534238,89.77076659,6.849471704,59.46338556,sabari rice
82,22,45,26.22338015,85.34866045,6.512196212,54.60159289,sabari rice
118,13,54,24.41311871,89.81574032,6.039584629,44.07843475,sabari rice
83,25,53,26.49195283,80.04678201,6.057697106,57.72799157,sabari rice
86,15,47,24.04355803,84.18406764,6.423898762,53.78929956,sabari rice
101,10,47,25.5421695,83.31883376,6.936997681,57.57343233,sabari rice
119,9,50,26.74550678,83.9195902,6.251286661,40.794305,sabari rice
104,17,46,25.7131428,80.22972777,6.190015912,43.08961827,sabari rice
95,12,51,25.76484262,84.1726996,6.681606702,44.22066914,sabari rice
102,14,52,26.79489868,89.64815231,6.51075991,57.74091817,sabari rice
109,21,55,24.9004602,89.73524177,6.770278088,57.44942094,sabari rice
81,18,50,26.80750629,88.22874955,6.429788073,58.79889057,sabari rice
103,17,51,25.11189154,80.02621335,6.209888345,44.20656987,sabari rice
105,14,50,26.2148837,87.6883982,6.419052193,59.65590798,sabari rice
97,8,52,24.9103226,86.97190046,6.237861736,49.48575692,sabari rice
120,19,49,25.79448878,84.26830701,6.762471629,56.45229202,sabari rice
95,16,55,25.26931156,87.55055105,6.612847999,40.12650421,sabari rice
83,29,52,25.76402693,87.5931128,6.704688865,46.05122728,sabari rice
83,9,45,25.85483596,89.13163965,6.049609892,46.85176955,sabari rice
91,21,50,24.33528185,81.44030363,6.762030215,48.32113628,sabari rice
116,5,54,25.37601283,80.99313508,6.65398725,57.23028471,sabari rice
112,28,54,24.86094646,85.05318563,6.738030547,55.29563514,sabari rice
88,29,51,24.71885473,88.94568335,6.095689937,48.45978627,sabari rice
118,15,45,24.21495706,84.20576992,6.538006356,48.01138482,sabari rice
92,21,48,25.81692236,82.043255,6.377427122,54.82963379,sabari rice
106,14,45,24.47018505,84.16390229,6.417011754,57.26773002,sabari rice
99,5,47,24.13078816,84.84494575,6.649086972,51.19470197,sabari rice
98,8,51,26.1793464,86.52258079,6.25933595,49.43050977,sabari rice
108,22,46,26.17668721,86.7295205,6.121168559,53.33484977,sabari rice
119,7,55,26.03867719,84.6378378,6.031424482,44.3993381,sabari rice
117,27,48,26.53259325,82.39053979,6.835268184,54.30660782,sabari rice
109,10,53,26.81938687,87.8274604,6.551750306,46.06193778,sabari rice
80,16,46,25.50405534,81.40297428,6.940236218,48.47833278,sabari rice
100,18,52,26.20234499,80.38266489,6.87606733,56.47941847,sabari rice
91,7,53,25.13735887,89.28272716,6.457216535,43.52897517,sabari rice
86,6,53,25.92030221,83.47202566,6.921847888,42.10681516,sabari rice
107,5,52,26.6634609,89.98405233,6.881425746,57.40847165,sabari rice
103,16,49,24.06731461,81.64075303,6.915717008,51.75212401,sabari rice
101,20,48,24.6774157,82.75411437,6.206247494,57.05709413,sabari rice
85,25,47,26.11440416,87.64081095,6.29542477,58.48160844,sabari rice
84,7,51,26.81530456,87.65694462,6.399669044,55.74073582,sabari rice
102,28,54,25.15623099,80.27525115,6.862157042,55.49541453,sabari rice
98,25,52,25.2801372,83.15393658,6.224066378,49.29456609,sabari rice
97,25,50,26.22005978,80.90127035,6.093814669,49.08553937,sabari rice
90,16,45,24.92093261,80.61750795,6.291540278,50.55710813,sabari rice
95,12,46,26.21667586,81.01009354,6.32281728,54.65423596,sabari rice
82,23,49,26.81383586,87.21986949,6.873283991,51.70497792,sabari rice
82,25,51,24.31334971,87.47409052,6.074209622,48.11248366,sabari rice
110,28,46,24.29105004,88.04541346,6.49889585,51.26046418,sabari rice
118,21,51,24.42998931,86.33904774,6.678805092,48.58241822,sabari rice
120,20,45,25.66576039,88.6984228,6.114128685,54.22722466,sabari rice
91,7,52,25.07803672,83.46230461,6.405054243,56.39962921,sabari rice
81,6,55,24.88910524,85.87059083,6.110142735,51.70699144,sabari rice
101,13,54,25.42900869,82.91481799,6.828982708,56.34144589,sabari rice
101,17,55,24.37118217,87.1269128,6.451499764,44.63907691,sabari rice
111,6,53,26.4930645,88.59143088,6.313512999,46.06382209,sabari rice
107,10,49,25.83202912,89.00481725,6.755192025,45.24690619,sabari rice
115,11,46,24.41592661,89.39655519,6.623167177,40.32161859,sabari rice
84,25,52,24.37190239,81.2514818,6.12532356,44.20899581,sabari rice
120,7,47,24.24782473,83.03687902,6.653867608,54.7657624,sabari rice
91,12,46,24.64458469,85.49938185,6.343942518,48.31219031,sabari rice
89,22,52,24.89681131,86.10782926,6.217300786,53.14626213,sabari rice
113,19,46,25.41864024,81.12122989,6.286387658,49.52320689,sabari rice
97,22,50,26.26028739,86.14585891,6.7698938,58.97878791,sabari rice
117,30,50,24.90123934,87.20772913,6.744966312,46.59207341,sabari rice
90,14,52,24.84740848,89.20454622,6.391858432,59.67927244,sabari rice
104,23,47,26.98212846,86.70068316,6.770434148,42.91292205,sabari rice
81,16,45,26.90435747,86.25426228,6.727468157,59.75980023,sabari rice
88,5,47,25.86475496,86.67468041,6.662244646,41.16554802,sabari rice
92,7,45,26.70607759,81.14149505,6.944640222,51.51033554,sabari rice
81,18,50,26.44019475,80.91934337,6.507110986,47.81847573,sabari rice
111,5,55,26.283443,84.42478917,6.520663422,50.78669728,sabari rice
108,23,51,26.84366082,83.85039964,6.106500787,40.228644,sabari rice
113,30,50,26.03967219,83.9862443,6.277484043,43.87712348,sabari rice
83,10,53,24.92994759,85.00802358,6.195142279,48.75859458,sabari rice
101,11,51,25.50736962,84.24340241,6.792035575,44.2068997,sabari rice
114,21,55,25.4438391,87.9392312,6.472756256,57.51549686,sabari rice
99,6,45,26.12588914,86.5507939,6.000975617,40.71210074,sabari rice
92,20,55,25.10474753,87.5267616,6.587791262,59.26519444,sabari rice
92,7,48,26.27520631,86.63249555,6.956508826,54.38748495,sabari rice
91,24,55,26.27061608,83.09194521,6.259086583,46.76837499,sabari rice
110,21,54,26.73690828,87.82430156,6.747537642,47.46447019,sabari rice
112,25,51,25.04746944,85.5667282,6.932537231,56.72496677,sabari rice
89,25,54,24.69368934,85.56967628,6.353107393,48.99390828,sabari rice
100,10,53,24.54356968,84.60808277,6.211748957,42.00660251,sabari rice
83,22,54,25.89762315,81.96664832,6.277245254,54.49960057,sabari rice
95,14,50,26.6333118,84.31756844,6.560443519,56.31866159,sabari rice
119,30,49,25.35794749,80.45846265,6.903020221,47.72078245,sabari rice
97,12,47,25.28784623,89.63667876,6.765094964,58.28697664,sabari rice
110,7,45,26.63838589,84.69546874,6.189213927,48.32428609,sabari rice
96,18,50,25.3310446,84.30533791,6.904241707,41.53218699,sabari rice
83,23,55,26.89750174,83.89241484,6.463271076,43.97193745,sabari rice
120,24,47,26.98603693,89.4138489,6.260838965,58.54876687,sabari rice
115,17,55,27.57826922,94.11878202,6.776533055,28.08253201,pavithra rice
114,27,48,27.82054812,93.03555162,6.528404378,26.32405487,pavithra rice
101,25,52,29.09910406,94.22237826,6.750145572,22.52497327,pavithra rice
118,18,52,28.04943594,90.83130708,6.562832807,20.76223014,pavithra rice
95,26,45,29.91690582,94.55695552,6.117530021,28.16057247,pavithra rice
81,25,49,29.86895762,93.25103208,6.076459669,26.26243014,pavithra rice
117,24,53,29.17220859,92.21405224,6.293486295,21.30290472,pavithra rice
114,30,51,29.24908541,90.06998135,6.069171847,25.93496537,pavithra rice
113,6,52,27.76317235,90.35567642,6.740983646,25.21609113,pavithra rice
108,26,52,28.82629037,94.26765349,6.201797639,26.23838511,pavithra rice
81,30,48,28.52379742,92.09688432,6.041027474,29.86681385,pavithra rice
115,9,52,29.06785065,90.97685539,6.019372459,29.1194739,pavithra rice
83,7,45,29.08417927,90.73891887,6.704104127,25.33014238,pavithra rice
84,21,55,28.47090661,94.79453182,6.494251024,21.08484101,pavithra rice
109,26,45,28.27973674,90.38971208,6.224535449,21.58992507,pavithra rice
95,27,55,28.47212559,91.21322065,6.160414414,20.88620369,pavithra rice
119,5,55,29.68846716,94.30111601,6.168757984,26.83924845,pavithra rice
110,14,51,27.02415146,91.66737633,6.085444691,21.26034986,pavithra rice
82,18,48,29.09588297,94.16748386,6.159050816,26.70581328,pavithra rice
87,14,48,29.69238699,92.58862544,6.606033244,29.1102594,pavithra rice
85,9,53,28.20619412,92.86798698,6.447662945,28.78654515,pavithra rice
100,6,53,29.05248036,93.92217834,6.105909623,23.66620626,pavithra rice
107,12,46,29.57240298,93.61870344,6.559763394,27.56918621,pavithra rice
91,13,47,29.10968327,92.43510994,6.14410903,27.95602304,pavithra rice
102,25,50,28.20480805,92.91440379,6.099662369,20.36001144,pavithra rice
117,25,53,29.11858526,92.12543021,6.413927319,24.52020164,pavithra rice
85,21,52,29.62800691,90.10051615,6.075144116,23.69586761,pavithra rice
104,25,55,29.81196601,90.36881284,6.123802502,22.68766503,pavithra rice
102,24,54,27.72338349,90.93897939,6.698468621,22.81863447,pavithra rice
116,25,50,29.26092798,92.92367701,6.088885814,28.70627683,pavithra rice
100,17,48,29.72791119,94.29753295,6.367800632,26.52364146,pavithra rice
110,25,54,28.91105641,90.78413842,6.425930938,23.44398467,pavithra rice
104,25,51,28.96361426,93.88482153,6.469983276,23.56130173,pavithra rice
107,11,54,28.59052369,91.33617236,6.094016338,29.44008034,pavithra rice
98,26,52,27.33897716,90.69759008,6.150090899,28.69113835,pavithra rice
88,17,52,29.90415889,90.75284363,6.646962425,25.37828397,pavithra rice
87,25,46,27.42711692,90.02696201,6.379690748,21.7508774,pavithra rice
120,8,46,29.55657523,90.70937262,6.732834334,28.36535596,pavithra rice
95,13,46,29.84070774,93.76312893,6.126019932,23.28207838,pavithra rice
108,22,47,28.53545677,91.72742702,6.161123579,25.1290048,pavithra rice
82,13,52,27.11535046,94.86907886,6.442810053,26.51924782,pavithra rice
120,23,55,27.84492803,91.60666594,6.732049075,26.47844429,pavithra rice
110,22,47,29.03157242,91.82172592,6.243673725,24.93861254,pavithra rice
95,23,45,27.82424457,90.56698742,6.266208727,21.19014526,pavithra rice
106,10,49,27.72653142,92.00687531,6.350623739,20.21126747,pavithra rice
99,12,52,28.69708334,94.30759855,6.002927293,22.21807088,pavithra rice
106,20,51,29.73019662,90.97015715,6.342573112,20.49035619,pavithra rice
83,11,53,29.54097171,92.91778307,6.163921248,21.9653077,pavithra rice
117,19,55,28.80311922,91.78336933,6.121745389,25.16359891,pavithra rice
98,26,49,27.29035669,90.53330091,6.130160473,23.49535234,pavithra rice
113,20,48,27.46583649,94.87679041,6.440584681,27.27899847,pavithra rice
101,17,47,29.49401389,94.72981338,6.185053234,26.30820876,pavithra rice
98,7,45,27.79161808,92.51054946,6.157724816,26.85422624,pavithra rice
93,22,48,29.12533739,91.52291141,6.776987974,21.90440445,pavithra rice
95,21,47,27.93114233,93.56161439,6.431970877,20.66127836,pavithra rice
109,12,48,29.45771748,92.12534736,6.708743843,20.76212031,pavithra rice
118,12,47,27.96872279,92.17444796,6.010739645,28.94766949,pavithra rice
100,14,49,29.48882958,91.07574233,6.365956658,26.01909355,pavithra rice
89,9,47,29.47156259,90.77069618,6.668382766,28.75226067,pavithra rice
95,16,46,27.0767265,90.14362622,6.74669542,24.4514648,pavithra rice
95,7,45,27.30008597,90.80015308,6.031665834,25.09484511,pavithra rice
87,6,45,29.82729394,90.79007335,6.40077205,22.84203589,pavithra rice
93,20,50,29.93061247,93.22980899,6.448792689,24.34814338,pavithra rice
84,29,49,29.94349168,93.90741192,6.251420275,20.39020503,pavithra rice
111,5,47,28.03306461,91.47355778,6.274452811,21.17924769,pavithra rice
111,5,52,29.8843055,94.0371147,6.135996372,21.0000988,pavithra rice
111,15,54,27.7058373,92.91185695,6.194090172,22.06207161,pavithra rice
89,11,47,29.78714005,94.65343534,6.327822962,27.8659442,pavithra rice
110,15,48,28.57819995,92.86597437,6.212567211,27.5987178,pavithra rice
95,30,52,29.48069921,90.33698678,6.640470863,26.0365768,pavithra rice
115,12,52,27.51492243,94.96218673,6.685553129,21.01796432,pavithra rice
120,25,50,28.05457761,94.81637388,6.327210469,21.84869328,pavithra rice
102,11,45,29.03167341,93.12603235,6.35544263,24.15591199,pavithra rice
94,5,55,28.5854649,91.89216849,6.085682344,26.88372572,pavithra rice
84,18,46,27.08808014,93.42402083,6.781050373,25.32159689,pavithra rice
107,22,54,27.99611732,90.84660317,6.630301421,21.61893763,pavithra rice
80,18,52,27.87317436,91.14849627,6.484799661,24.05207925,pavithra rice
86,18,45,28.96586565,90.71832938,6.566759102,22.25838137,pavithra rice
113,28,48,28.87726019,92.48839665,6.170520518,24.44267592,pavithra rice
115,18,53,29.17052093,94.19790371,6.012480351,22.06994464,pavithra rice
82,20,54,29.34033587,90.01506395,6.541150335,21.44532907,pavithra rice
98,22,47,29.07265321,91.91533173,6.341400922,28.83568362,pavithra rice
117,25,54,28.68275966,92.50969311,6.150686364,29.11187663,pavithra rice
83,15,49,28.92705913,91.39356832,6.438008153,23.20076686,pavithra rice
120,16,51,27.99901833,91.64193051,6.547041903,23.28618248,pavithra rice
111,5,50,27.59350075,91.79742953,6.399891457,24.84266123,pavithra rice
85,21,47,29.87331077,90.60932469,6.186770318,24.69720481,pavithra rice
90,23,54,28.55852465,90.45773041,6.159020864,27.26588346,pavithra rice
99,29,55,29.19378695,91.46241065,6.660954816,26.48240255,pavithra rice
102,11,47,27.98780984,92.78226196,6.504906979,27.14509034,pavithra rice
80,18,51,28.05380704,91.81758779,6.706053225,20.76582087,pavithra rice
87,21,52,27.3506296,94.2911951,6.067665498,27.21244021,pavithra rice
114,8,52,29.34081108,94.5513539,6.419083092,28.22908103,pavithra rice
99,6,46,28.61475136,94.22253035,6.39637861,28.98574189,pavithra rice
89,25,50,27.04863538,91.34685096,6.375923383,25.08146686,pavithra rice
96,13,55,29.5275305,94.57459443,6.700337732,21.13545688,pavithra rice
82,26,47,28.50416396,93.46806467,6.565312653,24.20007242,pavithra rice
106,21,52,28.89578588,94.78993038,6.286515359,23.0362503,pavithra rice
90,15,52,27.04927452,91.3821731,6.448061578,23.65747461,pavithra rice
106,16,54,28.96017885,91.69532178,6.585872508,24.7458198,pavithra rice
61,68,50,35.21462816,91.49725058,6.793245417,243.0745066,papaya
58,46,45,42.39413392,90.79028064,6.576261427,88.46607497,papaya
45,47,55,38.4191628,91.14220381,6.751452932,119.2653877,papaya
39,65,53,35.33294932,92.11508608,6.560743093,235.6133585,papaya
31,68,45,42.92325255,90.07600528,6.938313356,196.2408242,papaya
70,68,45,33.83508569,92.85470152,6.991626158,203.4044028,papaya
68,62,50,33.20258348,92.76437927,6.977700268,197.5282582,papaya
34,65,47,23.48546973,93.71043692,6.833768535,191.7760562,papaya
38,68,54,29.33710543,90.81781439,6.739170045,202.0572747,papaya
69,64,47,40.21199348,94.50766912,6.993473247,186.6762324,papaya
58,51,47,42.13473976,91.70445386,6.757470637,197.402901,papaya
59,47,53,32.86316618,91.4618874,6.850663232,47.271547,papaya
44,64,54,29.80744318,91.38048469,6.74274935,232.7046126,papaya
56,57,48,31.56213762,93.0484859,6.506120752,63.62250788,papaya
69,60,54,36.32268069,93.06134398,6.98992719,141.1736926,papaya
56,58,49,37.13165026,94.60761797,6.69215564,172.4788062,papaya
49,55,53,38.4418717,93.63739039,6.544029776,77.71566883,papaya
38,51,52,32.66160599,90.78931681,6.927803911,78.85085502,papaya
54,65,47,27.92765919,91.55594211,6.721835879,149.9107557,papaya
57,57,51,39.01793345,91.48815629,6.99223441,105.8841531,papaya
39,52,53,32.51247398,94.65904123,6.704204398,51.07048113,papaya
58,67,45,38.72382798,91.72514851,6.702424548,62.62377075,papaya
61,64,52,43.30204933,92.83405443,6.641098708,110.562229,papaya
34,62,55,27.58548913,90.72526502,6.585346229,238.5008779,papaya
31,48,45,40.78881819,92.90951393,6.563134737,132.7923586,papaya
47,46,52,23.19451074,91.40301608,6.502289473,206.3999208,papaya
32,68,52,32.68067385,92.61715632,6.800321319,248.8592986,papaya
36,59,46,34.28879307,93.61082872,6.721130543,127.2509777,papaya
61,51,51,39.30050027,94.16193416,6.574677594,120.9512466,papaya
70,54,46,39.73149053,91.12220596,6.919342407,122.7628653,papaya
44,56,49,39.23342464,91.25589286,6.519779583,64.4478499,papaya
34,68,51,27.34734861,94.17756725,6.687088098,40.35153141,papaya
50,59,47,40.76998685,92.09278584,6.747975732,209.8678411,papaya
39,70,52,26.26559543,90.79668055,6.65149129,59.49373381,papaya
34,61,49,28.12971499,93.3210737,6.502675132,117.8201907,papaya
44,60,55,34.2804607,90.55561637,6.825371185,98.54047745,papaya
31,62,52,33.7960155,93.00754254,6.99104104,182.026807,papaya
65,62,51,31.53243779,90.87394933,6.511624841,207.0735119,papaya
44,57,53,42.30495821,90.51431779,6.93172108,74.876786,papaya
50,47,48,24.63676897,90.61964344,6.712772333,218.2299187,papaya
43,50,48,28.28222883,91.37059792,6.63016515,179.2720807,papaya
60,46,53,24.48620746,92.98254537,6.761953186,183.49095,papaya
70,68,55,42.84609252,94.63548176,6.691202286,78.8099639,papaya
59,62,52,43.67549305,93.10887229,6.608667684,103.8235658,papaya
60,58,51,42.07213781,92.92203105,6.840802254,165.7412972,papaya
42,60,47,33.46873719,92.12746225,6.834808348,136.8277041,papaya
35,66,47,31.7018373,91.66232213,6.953439161,48.83810592,papaya
34,65,48,41.41968393,90.03863107,6.665024508,199.3096432,papaya
36,54,46,42.54744013,94.94482086,6.662875839,214.4103848,papaya
39,64,52,28.91842453,94.63676767,6.678695788,63.68794608,papaya
37,52,47,43.08022702,93.90305729,6.54277684,211.8529059,papaya
33,47,46,29.20300896,93.96834049,6.839443833,209.4083305,papaya
34,48,48,41.04224355,91.37258067,6.805277038,181.527598,papaya
49,54,50,25.62446619,93.18240298,6.762522087,97.26336657,papaya
40,65,49,35.32876402,91.06138506,6.678449318,163.9069365,papaya
68,52,49,24.42561272,92.27749066,6.577192175,63.35298768,papaya
50,46,52,31.18298415,90.21646909,6.734005648,54.01872359,papaya
65,63,50,31.88342554,91.3256535,6.524459342,79.27201575,papaya
40,49,47,42.93368602,91.1756748,6.501521192,246.3613268,papaya
42,53,48,23.11407669,94.31994776,6.758479569,231.5153161,papaya
49,55,51,24.87212063,93.90560147,6.676578778,135.1694525,papaya
59,62,49,43.36051537,93.35191636,6.941496806,114.778071,papaya
63,58,47,26.83054058,90.75379971,6.864143752,144.6656444,papaya
70,65,52,30.42012134,93.12659793,6.583528529,75.95295,papaya
63,50,52,28.64555584,93.22642604,6.751747609,115.8163936,papaya
40,64,47,32.50037548,93.47888842,6.893509446,71.73759526,papaya
63,58,50,43.03714283,94.6428898,6.720744449,41.5856585,papaya
45,58,49,30.10773379,90.34546355,6.827812549,75.24521981,papaya
66,69,47,23.69212243,93.61055571,6.912299695,87.53393983,papaya
54,67,52,35.67667332,93.30641944,6.586107335,141.3381168,papaya
69,67,52,27.71948962,94.43877142,6.827305908,82.83061083,papaya
67,68,49,35.26824831,92.38282957,6.821774589,149.8488208,papaya
45,57,47,23.16855863,90.78821158,6.656458831,161.6892093,papaya
56,50,52,33.08706051,92.25197542,6.770384816,88.1300769,papaya
70,50,53,37.4620912,90.44967809,6.933809743,172.3458448,papaya
44,47,45,38.73218907,94.73613484,6.579441304,218.142147,papaya
50,60,47,32.57720726,92.74889453,6.92791761,93.7942847,papaya
52,51,53,38.38231475,93.10378595,6.985804083,210.2735346,papaya
35,68,45,42.93605359,90.09448142,6.612429546,234.8466111,papaya
68,69,52,25.65492304,92.74501561,6.813383387,52.95477913,papaya
32,55,52,37.58899717,91.99740365,6.9677596,159.6577388,papaya
32,55,51,29.60718808,93.15642801,6.57398033,62.68710535,papaya
48,62,47,25.34756111,93.02871078,6.803094965,174.4012337,papaya
39,69,53,25.9300384,93.02357765,6.964955435,241.8202079,papaya
49,61,45,32.76795887,94.57377401,6.764213299,240.4795923,papaya
48,57,54,29.02328049,90.20396783,6.617703178,126.8069869,papaya
69,66,49,40.00439101,90.17015833,6.52711001,92.11877372,papaya
53,55,55,33.32315744,91.25271223,6.709668804,234.496633,papaya
38,61,52,31.22790131,94.94021378,6.620729882,46.44279118,papaya
57,64,55,26.68386496,92.9585411,6.583760499,62.50689682,papaya
51,57,55,24.70528368,90.14732171,6.676407337,108.4103158,papaya
56,65,45,38.2016825,93.97379963,6.751298936,218.0908814,papaya
54,66,52,36.56769731,93.79503425,6.867554147,104.4218596,papaya
58,55,47,26.05375792,93.69111672,6.742490027,240.6863901,papaya
68,70,54,31.29986342,92.76039164,6.986228647,54.77830202,papaya
42,59,55,40.10207731,94.35110201,6.979102243,149.1199989,papaya
43,64,47,38.58954491,91.58076549,6.825664782,102.2708231,papaya
35,67,49,41.31330062,91.1508798,6.617066674,239.7427554,papaya
56,59,55,37.03551903,91.79430166,6.551892638,188.5181422,papaya
39,64,53,23.0124018,91.07355541,6.598860305,208.3357976,papaya
18,30,29,26.7627493,92.86056895,6.420018717,224.5903664,lakshaganga coconut
37,23,28,25.61294367,94.3138837,5.740054567,224.3206759,lakshaganga coconut
13,28,33,28.130115,95.64807631,5.686972967,151.0761899,lakshaganga coconut
2,21,35,25.02887163,91.53720922,6.293662363,179.8248944,lakshaganga coconut
10,18,35,27.79797651,99.64573002,6.381975465,181.6942283,lakshaganga coconut
7,11,32,29.25902906,95.11294697,5.542169139,184.7624496,lakshaganga coconut
39,5,31,27.10134661,93.69979946,5.551963184,150.9502632,lakshaganga coconut
34,6,27,25.84726298,90.92669463,5.860740481,147.8888994,lakshaganga coconut
31,30,29,26.58580443,90.98617591,5.558807063,178.8116076,lakshaganga coconut
25,7,35,28.38503882,99.18843684,5.55771171,189.6711349,lakshaganga coconut
16,18,26,28.43647052,91.81320717,5.568365926,145.5414413,lakshaganga coconut
26,10,33,28.27298134,96.93649473,6.07071786,198.8234862,lakshaganga coconut
27,8,32,27.00648436,96.46168931,5.627860549,144.3331315,lakshaganga coconut
37,18,30,27.63551259,99.34854917,6.38488418,157.9171537,lakshaganga coconut
19,15,34,26.29644905,99.65809151,5.685889066,215.9195049,lakshaganga coconut
0,19,33,27.1326009,95.23797989,6.234458417,204.7206567,lakshaganga coconut
31,20,26,25.56567803,97.61361544,6.443168642,199.7936345,lakshaganga coconut
9,17,32,25.94951662,93.40548703,5.842317989,172.0540491,lakshaganga coconut
22,11,29,28.03380598,95.01630593,5.955742971,218.0055713,lakshaganga coconut
31,6,26,29.12859129,91.30924833,5.741367375,157.2388553,lakshaganga coconut
34,6,30,27.0828252,97.00155491,5.948342571,171.7575545,lakshaganga coconut
24,6,32,28.11321494,90.01734526,6.387067562,172.4813641,lakshaganga coconut
1,8,26,27.5136304,94.18955816,5.562911913,156.6732553,lakshaganga coconut
31,13,33,27.63834933,95.48763389,5.85971872,205.5463111,lakshaganga coconut
10,9,28,29.01256899,94.01014388,6.282955073,150.0500312,lakshaganga coconut
36,27,26,26.58413917,95.78923137,6.25449571,171.6262299,lakshaganga coconut
38,24,33,28.28905147,97.00396405,5.973853124,142.9403233,lakshaganga coconut
11,6,25,28.69164799,96.65248672,6.081568052,178.9635457,lakshaganga coconut
16,14,30,29.70931288,96.30484325,6.37466756,209.8453993,lakshaganga coconut
33,14,35,27.14865285,96.66355213,6.027707171,149.2433497,lakshaganga coconut
16,6,29,29.28725038,91.95614918,5.868285082,132.1491176,lakshaganga coconut
32,11,31,25.06871967,93.31410447,6.205931638,134.8419069,lakshaganga coconut
38,14,30,26.92449525,91.20106019,5.570745386,194.9022136,lakshaganga coconut
8,6,33,28.27804288,93.64761266,6.095261013,171.9457959,lakshaganga coconut
23,6,33,29.18032562,92.73041222,6.025789594,204.9603677,lakshaganga coconut
29,25,35,28.3575072,91.64509299,5.542873799,160.7306991,lakshaganga coconut
24,14,33,29.38072512,93.27565685,6.366219551,218.5241851,lakshaganga coconut
32,12,30,25.39241091,98.08951196,5.579845008,218.080385,lakshaganga coconut
30,25,31,26.31270635,98.62048026,5.804965067,208.1181381,lakshaganga coconut
14,21,35,29.52501367,91.91185319,6.121005506,194.3100272,lakshaganga coconut
27,22,29,28.83214859,92.17170353,6.000248647,145.4172387,lakshaganga coconut
40,5,29,28.48444906,97.76865458,5.820978791,160.389421,lakshaganga coconut
17,11,32,28.74013335,93.39676499,5.620733794,156.7650823,lakshaganga coconut
30,30,35,25.00872392,95.59224018,6.001936419,165.8092179,lakshaganga coconut
28,10,30,29.8690834,91.14723422,6.305740522,192.7678575,lakshaganga coconut
39,7,29,27.54273211,94.59086121,6.362544111,150.2012138,lakshaganga coconut
32,20,35,26.52166434,98.38227669,5.588655387,144.6261698,lakshaganga coconut
7,15,32,25.03512351,95.89739958,6.182232762,174.796583,lakshaganga coconut
29,17,29,29.20394909,95.66997327,5.959493188,211.2506267,lakshaganga coconut
34,15,34,27.05826457,91.10510371,5.677282678,224.7006953,lakshaganga coconut
14,23,25,26.18552389,96.96637916,5.612122797,135.4186222,lakshaganga coconut
18,19,29,27.59376845,92.48519606,6.206077742,162.8432736,lakshaganga coconut
7,21,35,25.76011662,94.65830608,5.764812076,131.2451414,lakshaganga coconut
24,27,34,28.87862994,95.11320315,6.203376525,145.0583117,lakshaganga coconut
39,29,29,26.50908611,94.48414544,6.143662699,199.8778403,lakshaganga coconut
29,8,28,26.87037587,91.72546257,6.100429497,214.4128874,lakshaganga coconut
10,24,27,27.57283516,94.90485697,5.708409601,145.9298935,lakshaganga coconut
0,29,32,28.05912437,98.3670985,5.868255858,171.6516396,lakshaganga coconut
32,11,31,29.51611558,92.56492864,6.461225827,131.2116167,lakshaganga coconut
37,10,32,28.96318258,95.16333673,6.165084855,222.803013,lakshaganga coconut
20,29,27,25.09897688,92.36099489,6.047044342,157.7592626,lakshaganga coconut
31,29,35,27.1872282,92.19906776,6.137102505,141.3220576,lakshaganga coconut
17,30,27,29.03065024,90.79093862,5.894027065,205.5720367,lakshaganga coconut
1,12,30,27.754298,95.94643831,5.56222383,131.0900076,lakshaganga coconut
6,13,29,27.31155708,99.96906006,5.832608028,201.8258633,lakshaganga coconut
15,28,32,28.84270971,99.64328526,6.218571874,224.4016682,lakshaganga coconut
27,24,29,26.61423461,96.97300803,6.142010637,191.006688,lakshaganga coconut
3,23,30,29.70143197,95.65754365,6.078807239,215.1968037,lakshaganga coconut
8,26,26,25.54759871,91.64194826,5.702484758,212.867626,lakshaganga coconut
20,28,26,26.37978453,91.49882979,5.547594847,167.0470997,lakshaganga coconut
26,18,27,27.45907759,92.90736493,5.836075368,142.1430003,lakshaganga coconut
1,6,35,27.02269204,95.71935435,6.231662767,147.1682459,lakshaganga coconut
27,30,31,28.98545306,90.73966792,5.718120393,148.8398374,lakshaganga coconut
23,7,34,26.1055118,91.52421214,5.852038202,134.1279669,lakshaganga coconut
0,26,31,25.0707247,95.02156793,5.547933273,192.9036306,lakshaganga coconut
38,6,25,25.54963273,96.92786777,6.156259104,191.2996157,lakshaganga coconut
25,12,26,28.56973521,95.67906668,6.436314406,134.8370348,lakshaganga coconut
40,5,32,26.07010807,96.7036223,5.981169595,143.533473,lakshaganga coconut
0,19,31,25.51791333,94.38420565,6.271952833,178.7297725,lakshaganga coconut
26,9,32,25.9490364,94.73860514,6.470465614,144.1571109,lakshaganga coconut
35,30,34,28.2974764,95.41122824,6.141502001,182.4482352,lakshaganga coconut
19,30,30,29.56549169,91.40896307,5.826381164,224.8315729,lakshaganga coconut
31,13,33,29.69952329,95.21224392,6.342463714,148.3003692,lakshaganga coconut
17,29,26,26.14162144,93.28415295,6.071897347,195.4115025,lakshaganga coconut
2,30,30,26.00175125,94.79998418,6.331051715,209.540094,lakshaganga coconut
30,13,25,27.15116142,91.48889469,6.413184638,164.9182225,lakshaganga coconut
8,15,33,28.97318719,98.09861043,5.50158009,213.9011021,lakshaganga coconut
18,12,35,26.13958446,96.38580769,6.338720873,131.3387935,lakshaganga coconut
8,28,30,25.51618488,94.33465411,6.015672239,135.1272491,lakshaganga coconut
40,22,29,27.55821802,99.98187601,5.735364307,174.6256481,lakshaganga coconut
27,10,33,27.81132822,97.48410555,6.465906333,154.0621221,lakshaganga coconut
21,20,31,25.60033702,99.7240104,5.855457599,165.8248732,lakshaganga coconut
3,9,35,26.91641934,99.84671638,6.318552973,225.6323656,lakshaganga coconut
22,16,27,29.1797902,90.27214288,6.006784979,188.9252083,lakshaganga coconut
27,8,30,26.44600063,98.29937782,6.008386283,221.2258168,lakshaganga coconut
22,8,33,28.43572863,95.8840407,5.665785202,203.9283708,lakshaganga coconut
28,27,32,28.94099669,93.00109012,5.764615485,191.7723087,lakshaganga coconut
23,21,26,26.45488737,93.45042636,5.901495544,149.2220255,lakshaganga coconut
37,5,34,25.79490531,93.84150618,5.779032666,152.4238712,lakshaganga coconut
19,26,29,26.93141945,98.80313612,5.67154928,166.5712879,lakshaganga coconut
89,47,38,25.52468965,72.24850829,6.002524871,151.8869972,remya rice
60,37,39,26.59104992,82.94164078,6.033485257,161.2469997,remya rice
63,41,45,25.29781791,86.8870535,7.121933579,196.6249511,remya rice
86,40,39,25.72100868,88.16513579,6.207459637,175.6086697,remya rice
96,41,40,23.58419277,72.00460848,6.090060478,190.4242157,remya rice
100,35,36,25.31042337,72.01364411,6.346715209,190.5577618,remya rice
63,37,43,23.41798979,85.08640476,6.661957897,185.7446728,remya rice
70,43,40,24.35564134,88.80391021,6.176860192,169.1168028,remya rice
67,55,44,26.284017,75.14640198,7.251847296,182.2685447,remya rice
74,40,40,25.13842773,83.12053888,6.386259978,169.3388465,remya rice
89,53,44,24.88692811,71.91711523,7.319735475,150.2498675,remya rice
74,46,45,25.75734909,88.36668522,6.025028997,189.4263485,remya rice
89,41,38,23.12844351,74.68322732,6.344751947,199.8362913,remya rice
60,55,40,24.9949957,88.95692783,7.02777956,151.4935635,remya rice
67,43,38,25.21622704,70.88259632,7.299304715,195.8645552,remya rice
70,38,35,24.39736241,79.26861738,7.014063944,164.2697011,remya rice
74,49,38,23.31410442,71.4509053,7.488014404,164.4970373,remya rice
90,40,39,25.72668885,81.86171563,6.626503893,191.9649389,remya rice
82,35,44,26.96656378,78.21047693,6.239011,169.8391177,remya rice
73,45,37,23.70467146,74.63745355,6.742688094,181.2783964,remya rice
85,53,38,24.90075709,73.84186449,6.588017308,153.8990984,remya rice
81,56,36,23.39605743,72.60512854,7.097586415,174.7876411,remya rice
84,55,38,26.8748389,79.78725152,6.956682743,173.1017097,remya rice
80,45,42,23.1426498,74.99739774,7.380396262,151.9035477,remya rice
76,54,45,24.29496635,77.62976013,6.176618831,184.9800516,remya rice
76,56,39,24.39459498,89.89106506,6.551130445,197.1220049,remya rice
81,40,45,25.7629429,80.76238215,6.427726565,174.5071843,remya rice
76,44,45,25.4879684,84.48235878,6.740947635,168.7848886,remya rice
69,47,40,25.37122686,76.2403666,6.130136384,183.8270791,remya rice
82,40,45,26.21312799,81.70476368,6.667633355,180.1237765,remya rice
69,57,35,24.30748599,78.54340987,6.186814392,186.2337571,remya rice
81,36,38,23.76554749,87.98329901,6.334837865,150.3166152,remya rice
67,60,38,24.79853023,78.53037059,7.16214284,162.2847429,remya rice
72,51,40,23.20683504,74.09956958,7.422318499,199.4766779,remya rice
65,39,45,23.66805429,70.89000744,6.768001309,184.4633281,remya rice
78,50,43,25.12417673,85.72530641,6.348441469,159.5718087,remya rice
77,52,41,23.89069041,83.46409075,6.097294061,167.7230632,remya rice
89,52,42,23.09433785,81.45139295,6.14132902,196.6587013,remya rice
62,49,37,24.21744605,82.85284045,7.479248124,166.1365886,remya rice
90,48,45,24.06475727,71.31342851,6.509174789,153.6390212,remya rice
66,47,36,24.85441411,74.4407048,6.57256106,175.572958,remya rice
80,52,39,26.41915161,76.85691248,7.165696848,197.2101782,remya rice
89,52,45,24.89326318,77.01222585,7.207457208,196.469984,remya rice
77,51,44,23.25583402,82.7015932,7.124333547,166.2160846,remya rice
94,37,41,24.7634518,87.06071115,6.463538707,179.1630865,remya rice
75,41,35,24.97042599,78.62697699,6.856833064,166.6415254,remya rice
60,55,36,26.12797248,80.49172597,7.132389299,150.6326874,remya rice
62,56,35,25.97825807,81.65769588,6.235357638,163.3488091,remya rice
84,40,42,26.2830571,73.35763537,6.704273839,186.6898282,remya rice
100,56,40,26.38905406,83.31240346,7.433313409,176.1516409,remya rice
75,56,44,25.2746335,73.7459581,6.109478059,168.0432282,remya rice
78,46,42,23.09499564,78.45959697,7.095413294,155.3851533,remya rice
82,48,36,25.79351957,81.76904006,6.352076783,193.2418382,remya rice
100,58,41,23.17403323,87.88255345,6.658769991,160.6217342,remya rice
88,50,40,25.63215038,79.95150917,7.051822472,182.2582277,remya rice
67,41,40,25.848795,87.81661683,7.333143205,152.6194403,remya rice
72,42,43,26.56767277,80.90424543,6.352771037,181.2915605,remya rice
89,40,43,26.24532085,72.97198375,7.124050134,189.9711184,remya rice
89,57,43,26.91515043,73.19897535,6.998787171,177.2233048,remya rice
61,41,44,24.36972377,82.11319791,6.537914958,159.9210934,remya rice
79,45,43,25.71901283,79.15532398,7.171054239,187.1735424,remya rice
84,40,43,25.01157559,88.3313023,7.228268228,169.4168014,remya rice
98,43,35,25.40785911,76.44048625,7.319952206,188.6372826,remya rice
75,36,44,23.28081,74.27607475,6.613341343,153.7447398,remya rice
89,58,35,23.98651719,82.09053379,6.096838784,167.0576456,remya rice
91,41,37,24.48556447,83.20630007,6.132570523,192.2316221,remya rice
77,48,36,25.86705009,84.09985284,7.36008498,154.8390847,remya rice
66,58,35,23.5643831,79.46283115,7.321619041,185.25947,remya rice
62,59,41,24.2248758,74.89465426,7.175170657,192.4931257,remya rice
82,35,35,25.49386782,86.97061481,7.299076163,176.5268267,remya rice
61,41,35,24.97178693,79.47557931,6.842966479,195.7571622,remya rice
99,57,38,24.80624984,82.09281674,6.356295568,156.3616174,remya rice
70,42,43,23.16814977,76.66724969,6.508342839,157.1215052,remya rice
90,59,35,24.25133493,89.86454053,7.098227926,175.1742112,remya rice
73,43,42,26.58361011,78.00774772,6.310699968,154.8238864,remya rice
67,46,44,26.82489244,78.20392774,7.093328631,153.9199807,remya rice
84,37,42,25.49674786,81.13449097,6.691074249,169.9288234,remya rice
72,41,36,24.09874353,80.57226761,6.187746776,176.8604109,remya rice
71,56,37,23.18866654,86.20899734,6.491506245,176.103677,remya rice
64,53,38,26.24347471,78.51063754,6.855362875,183.4065252,remya rice
65,54,39,23.75091572,71.14782585,7.124571593,160.0889553,remya rice
60,58,37,26.13871511,79.1188943,6.067302109,171.4892533,remya rice
86,39,43,26.14576648,71.23690851,6.432051512,193.1007598,remya rice
90,50,44,26.91643698,73.48655995,6.253408852,171.4716375,remya rice
91,38,36,26.5232969,77.17331847,7.287318723,157.8548562,remya rice
87,48,38,23.81579631,80.94023552,7.161865733,190.312216,remya rice
72,41,36,26.50838667,86.84264005,6.065898283,152.9801697,remya rice
71,54,35,26.63952463,70.95705996,7.311077075,199.3355744,remya rice
82,46,41,23.3250131,79.79609448,6.581693772,187.3096148,remya rice
71,52,43,26.47549543,73.96164569,6.732826127,180.2513601,remya rice
80,43,43,23.78756036,74.36794079,6.014572075,172.6442654,remya rice
77,55,43,25.49941707,75.99987588,6.663559451,193.7141828,remya rice
95,57,41,23.24925555,73.65346838,6.434610995,184.7674863,remya rice
63,47,35,26.98582182,89.05587886,7.432768147,193.8778713,remya rice
93,43,38,23.61475336,86.14290267,6.987332927,150.2355238,remya rice
87,44,43,23.87484465,86.79261344,6.718725189,177.5147313,remya rice
88,52,39,23.92887902,88.07112278,6.880204617,154.6608736,remya rice
90,39,37,24.81441246,81.68688879,6.86106911,190.7886386,remya rice
90,39,43,24.44743944,82.286484,6.7693455,190.9684885,remya rice
84,38,43,26.57421679,73.81994896,7.26158085,159.3223075,remya rice
91,21,26,26.33377983,57.36469955,7.261313694,191.6549412,gouri rice
107,21,26,26.45288458,55.32222678,7.235070264,144.6861336,gouri rice
83,38,35,25.70822684,52.88667115,7.18915558,136.7325092,gouri rice
108,24,31,24.12832546,56.18107663,6.431899748,147.2757818,gouri rice
116,28,34,23.44372334,60.39523266,6.42321105,122.2103248,gouri rice
116,23,25,23.4123707,52.26994674,6.869720196,139.3670753,gouri rice
109,31,27,23.05951896,50.40609436,6.973839707,164.4971875,gouri rice
89,25,34,23.07895447,63.65861483,7.184801627,129.8765443,gouri rice
118,18,32,27.6496114,51.11044023,6.351823783,122.8392822,gouri rice
111,32,34,25.46743689,69.35161206,6.392048018,171.3764462,gouri rice
84,36,28,26.7350622,55.55164819,6.119892347,140.6305213,gouri rice
85,33,25,26.20811417,52.50987966,6.910823945,189.0944824,gouri rice
99,15,27,27.0424167,57.27927475,6.501157208,165.6872119,gouri rice
81,30,31,24.65090184,51.93952357,7.027585559,135.1386537,gouri rice
95,39,29,27.35152643,55.99375012,7.13411409,148.9812525,gouri rice
81,34,30,25.17787724,62.26244581,6.647765997,135.0119649,gouri rice
80,15,28,23.11438731,68.00096043,6.703270635,161.8944624,gouri rice
104,20,26,27.22783677,52.95261751,7.493191968,175.7260273,gouri rice
109,29,28,23.26316991,60.5160021,6.724688503,194.1755471,gouri rice
100,32,26,25.234661,57.53161469,6.043485685,124.2261737,gouri rice
100,24,28,25.59535262,57.72920846,7.101661011,195.7733251,gouri rice
83,21,28,25.5674832,60.49244602,7.466900683,190.2257843,gouri rice
120,23,28,25.67324193,51.29043632,6.877799264,196.2736367,gouri rice
104,26,30,24.40726724,62.65692638,6.410992833,148.6977358,gouri rice
108,33,31,23.69287069,66.76090123,7.393825704,144.6576424,gouri rice
91,25,26,24.53460016,66.99765375,7.482414225,180.5059257,gouri rice
86,26,27,27.13140403,52.89368299,6.081172981,192.4280381,gouri rice
98,18,27,27.56088634,68.49299897,6.516312148,167.4358075,gouri rice
111,27,31,23.59302313,55.27564977,6.043330951,191.3980675,gouri rice
84,39,35,23.17714381,52.13864034,6.959404135,117.3113562,gouri rice
98,27,27,24.71384065,51.29142534,7.238109556,197.6439711,gouri rice
118,21,34,24.38534644,64.72543073,7.234258375,119.6324109,gouri rice
103,27,31,27.15998538,51.59100753,6.691541233,126.1752206,gouri rice
82,24,33,26.53543168,67.09608099,6.809593554,120.6494434,gouri rice
86,31,35,27.01207284,60.76645256,6.485761419,191.4508931,gouri rice
88,35,35,27.55906475,58.45742907,6.784460602,117.9389993,gouri rice
84,27,29,23.32293161,53.00366334,7.167092586,168.2644287,gouri rice
120,40,33,24.23850608,54.30329632,6.73410539,115.1564012,gouri rice
106,40,30,23.42611644,64.10651528,6.779984384,122.6847408,gouri rice
113,21,33,26.02241444,55.83288958,7.277422738,176.9020924,gouri rice
117,34,25,24.83846178,56.7685316,7.21270048,124.4135035,gouri rice
80,30,25,26.24092174,65.64381357,7.487266991,148.3771202,gouri rice
88,21,27,24.43011925,66.02411187,7.231166546,181.6368274,gouri rice
113,33,34,26.00373964,62.1445102,6.559817161,153.477776,gouri rice
87,23,28,26.22367404,62.26594559,6.979590627,193.7461968,gouri rice
113,15,29,27.09617155,63.55324262,6.779230041,190.2440566,gouri rice
98,29,30,25.64004392,61.03273481,6.217974349,199.4735636,gouri rice
97,29,27,27.74576987,54.36976075,7.205078785,139.8619431,gouri rice
85,35,32,26.24928198,54.28617819,6.854011265,133.1120232,gouri rice
82,29,35,26.67377159,52.24226285,6.246872394,156.1543898,gouri rice
103,33,25,27.10210397,55.7497332,6.911066044,139.5013171,gouri rice
112,17,28,27.62975458,61.26002598,6.777417989,196.6492664,gouri rice
99,19,33,27.5364547,55.51673151,6.273741983,130.6377143,gouri rice
120,20,34,23.56960509,50.56339727,6.906124587,130.3797119,gouri rice
114,27,28,24.99451759,57.93250202,7.162802357,192.8736822,gouri rice
100,40,35,27.56441788,54.41094079,6.955787351,177.816092,gouri rice
108,35,25,23.98143338,61.10935084,6.971963169,161.5279095,gouri rice
115,31,30,24.22984659,67.37768353,6.840927967,122.4073418,gouri rice
87,28,30,25.60153969,68.66257977,6.536676653,168.8383605,gouri rice
82,24,26,24.31274458,53.57285558,6.089443603,184.4103931,gouri rice
94,26,27,26.36629861,52.25738495,7.456460375,177.3176161,gouri rice
87,28,35,26.5602777,57.1621814,6.759211911,152.0616227,gouri rice
118,40,35,26.35034208,58.50650238,7.460174812,121.5586297,gouri rice
87,38,29,25.20406808,57.88370456,6.652642579,156.1457255,gouri rice
92,40,30,23.35723208,55.18792166,6.026287448,171.6976946,gouri rice
97,22,26,23.60567546,59.68849145,6.074190142,185.1568059,gouri rice
99,40,32,24.18471151,69.94807345,7.045543056,163.2708732,gouri rice
89,28,33,26.44414097,53.83876189,6.993236001,175.3723314,gouri rice
112,39,29,26.12492233,63.37479229,6.726528895,147.8035305,gouri rice
111,28,26,27.77363343,64.47858698,6.937352845,192.7121236,gouri rice
114,20,26,25.55656667,62.67087838,7.27905689,193.5866233,gouri rice
117,26,30,27.92374437,67.96910852,7.079850922,115.2325531,gouri rice
111,29,31,26.05968403,52.31098539,6.136286518,161.3432535,gouri rice
119,30,28,26.35770906,64.57578034,6.505203696,163.6269496,gouri rice
116,40,33,24.91370487,54.15319242,7.042089492,129.5481144,gouri rice
95,37,35,27.31317116,68.4233391,6.348337519,192.4288139,gouri rice
86,40,33,26.1387869,52.26311691,7.432322234,136.3027766,gouri rice
117,37,32,23.1069385,67.06230539,6.787658922,162.5769606,gouri rice
105,18,35,23.52648086,68.44030686,6.743417121,171.8839938,gouri rice
109,23,25,25.11711046,68.48030408,7.00733163,194.8773479,gouri rice
80,18,31,24.02952505,58.84880599,7.303033217,134.6803969,gouri rice
101,31,26,26.70897548,69.71184111,6.861235184,158.8608887,gouri rice
103,33,33,26.71717393,50.50148528,7.131435858,126.8073984,gouri rice
93,26,27,24.59245684,56.46829641,7.288211994,137.7044047,gouri rice
104,35,28,27.51006055,50.66687215,6.983732393,143.9955548,gouri rice
116,36,25,27.57847581,58.52534263,6.172090205,156.6810374,gouri rice
107,38,29,26.65069302,57.56695719,6.35118177,145.105065,gouri rice
101,33,33,26.97251562,62.0183627,6.908671379,142.8610793,gouri rice
107,31,31,23.17124551,52.97841162,6.766184468,153.1201644,gouri rice
99,16,30,23.52652084,65.44340921,6.392791654,186.1728203,gouri rice
103,40,30,27.30901814,55.196224,6.348316257,141.4831644,gouri rice
118,31,34,27.54823036,62.88179198,6.123796057,181.4170812,gouri rice
106,21,35,25.627355,57.04151119,7.428523634,188.5506536,gouri rice
116,38,34,23.29250318,50.04557009,6.020947179,183.468585,gouri rice
97,35,26,24.91461008,53.74144743,6.334610249,166.2549307,gouri rice
107,34,32,26.77463708,66.4132686,6.78006386,177.7745075,gouri rice
99,15,27,27.41711238,56.63636248,6.086922359,127.92461,gouri rice
118,33,30,24.13179691,67.22512329,6.362607851,173.3228386,gouri rice
117,32,34,26.2724184,52.12739421,6.758792552,127.1752928,gouri rice
104,18,30,23.60301571,60.39647474,6.779832611,140.9370415,gouri rice
